Espece,Info,Race,Categorie,URL
chat,abyssin.jpg,Abyssin,chat,https://i.imgur.com/AAxYUm0.jpg
chat,american-bobtail.jpg,American Bobtail,chat,https://i.imgur.com/zgoGPaB.jpg
chat,american-curl.jpg,American Curl,chat,https://i.imgur.com/eWTk90s.jpg
chat,american-shortair.jpg,American Shorthair,chat,https://i.imgur.com/gDhdGvn.jpg
chat,american-wirehair.jpg,American Wirehair,chat,https://i.imgur.com/17VOUOK.jpg
chat,angora-turc.jpg,Angora Turc,chat,https://i.imgur.com/F9Ac2zK.jpg
chat,balinais.jpg,Balinais,chat,https://i.imgur.com/nf7I6gu.jpg
chat,bengal.jpg,Bengal,chat,https://i.imgur.com/ltrXe8O.jpg
chat,bleu-russe.jpg,Bleu Russe,chat,https://i.imgur.com/fl87NNt.jpg
chat,bombay.jpg,Bombay,chat,https://i.imgur.com/oVSWoS1.jpg
chat,british-shorthair.jpg,British Shorthair,chat,https://i.imgur.com/zthLEJz.jpg
chat,burmese.jpg,Burmese,chat,https://i.imgur.com/ygzCS2y.jpg
chat,burmilla.jpg,Burmilla,chat,https://i.imgur.com/ddh8xYc.jpg
chat,ceylan.jpg,Ceylan,chat,https://i.imgur.com/NSir0xB.jpg
chat,chartreux.jpg,Chartreux,chat,https://i.imgur.com/Y2kfdZG.jpg
chat,chausie.jpg,Chausie,chat,https://i.imgur.com/1ywZQCY.jpg
chat,cornish-rex.jpg,Cornish Rex,chat,https://i.imgur.com/aR0CCjm.jpg
chat,devon-rex.jpg,Devon Rex,chat,https://i.imgur.com/IcPgnQC.jpg
chat,donskoy.jpg,Donskoy,chat,https://i.imgur.com/6h6nTI1.jpg
chat,europeen.jpg,Européen,chat,https://i.imgur.com/e60FmHY.jpg
chat,exotic.jpg,Exotic,chat,https://i.imgur.com/wvcxtfJ.jpg
chat,german-rex.jpg,German Rex,chat,https://i.imgur.com/1Dhm3Si.jpg
chat,havana-brown.jpg,Havana Brown,chat,https://i.imgur.com/v7NmdOM.jpg
chat,highland-lynx.jpg,Highland Lynx,chat,https://i.imgur.com/fixAoDy.jpg
chat,japanese-bobtail.jpg,Japanese Bobtail,chat,https://i.imgur.com/UnQ5log.jpg
chat,javanais.jpg,Javanais,chat,https://i.imgur.com/QViUIft.jpg
chat,korat.jpg,Korat,chat,https://i.imgur.com/b8l42VV.jpg
chat,kurilian-bobtail.jpg,Kurilian Bobtail,chat,https://i.imgur.com/lH7l9YG.jpg
chat,laperm.jpg,LaPerm,chat,https://i.imgur.com/aaULkSo.jpg
chat,maine-coon.jpg,Maine Coon,chat,https://i.imgur.com/hy8UXDI.jpg
chat,manx.jpg,Manx,chat,https://i.imgur.com/f1ndxEC.jpg
chat,mau-egyptien.jpg,Mau Egyptien,chat,https://i.imgur.com/YjDoVK9.jpg
chat,munchkin.jpg,Munchkin,chat,https://i.imgur.com/UdVtOZf.jpg
chat,norvegien.jpg,Norvégien,chat,https://i.imgur.com/00h21Cb.jpg
chat,ocicat.jpg,Ocicat,chat,https://i.imgur.com/KxCDpNh.jpg
chat,oriental.jpg,Oriental,chat,https://i.imgur.com/xA4mhcZ.jpg
chat,persan.jpg,Persan,chat,https://i.imgur.com/N2wq3QG.jpg
chat,peterbald.jpg,Peterbald,chat,https://i.imgur.com/DheIRdq.jpg
chat,pixie-bob.jpg,Pixie-Bob,chat,https://i.imgur.com/nGVNR4e.jpg
chat,ragdoll.jpg,Ragdoll,chat,https://i.imgur.com/srBKuvi.jpg
chat,sacre-birmanie.jpg,Sacré de Birmanie,chat,https://i.imgur.com/97KEYsu.jpg
chat,savannah.jpg,Savannah,chat,https://i.imgur.com/IrFEXsi.jpg
chat,scottish-fold.jpg,Scottish & Highland,chat,https://i.imgur.com/rwflBUd.jpg
chat,scottish-highland.jpg,Scottish Fold,chat,https://i.imgur.com/rC0IvIP.jpg
chat,siamois.jpg,Siamois,chat,https://i.imgur.com/Dgak5bx.jpg
chat,siberien.jpg,Sibérien,chat,https://i.imgur.com/JOuz1ui.jpg
chat,singapura.jpg,Singapura,chat,https://i.imgur.com/7S7zIhW.jpg
chat,skogcatt.jpg,Skogcatt,chat,https://i.imgur.com/1nQdhU0.jpg
chat,snowshoe.jpg,Snowshoe,chat,https://i.imgur.com/7ZzpRmU.jpg
chat,somali.jpg,Somali,chat,https://i.imgur.com/vsmh1sE.jpg
chat,sphynx.jpg,Sphynx,chat,https://i.imgur.com/mhtI98S.jpg
chat,thai.jpg,Thaï,chat,https://i.imgur.com/ZQlndIB.jpg
chat,tiffany.jpg,Tiffany,chat,https://i.imgur.com/yOHA6PB.jpg
chat,tonkinois.jpg,Tonkinois,chat,https://i.imgur.com/HTENsXA.jpg
chat,toyger.jpg,Toyger,chat,https://i.imgur.com/Pxq09nU.jpg
chat,turc-van.jpg,Turc de Van,chat,https://i.imgur.com/aJhnr6t.jpg
chien,186,Affenpinscher,Groupe 2,https://i.imgur.com/XfgVSQa.jpg
chien,247,Aïdi,Groupe 2,https://i.imgur.com/A8l2Tdm.jpg
chien,7,Airedale Terrier,Groupe 3,https://i.imgur.com/nnppUnN.jpg
chien,255,Akita Inu,Groupe 5,https://i.imgur.com/wv2x2cN.jpg
chien,243,Malamute d'Alaska,Groupe 5,https://i.imgur.com/xVYYswq.jpg
chien,344,Akita Américain,Groupe 5,https://i.imgur.com/zxgoFJv.jpg
chien,167,Cocker Américain,Groupe 8,https://i.imgur.com/cA3KMAf.jpg
chien,301,Épagneul d'Eau Américain,Groupe 8,https://i.imgur.com/kOydFrQ.jpg
chien,286,American Staffordshire Terrier,Groupe 3,https://i.imgur.com/2ZGAdXb.jpg
chien,325,Anglo-Français de Petite Vénerie,Groupe 6,https://i.imgur.com/AQSjokt.jpg
chien,20,Ariégeois,Groupe 6,https://i.imgur.com/353XHjY.jpg
chien,293,Kelpie Australien,Groupe 1,https://i.imgur.com/WiX6yzk.jpg
chien,236,Silky Terrier,Groupe 3,https://i.imgur.com/Nb13QXT.jpg
chien,351,Bouvier Australien Courte Queue,Groupe 1,https://i.imgur.com/abQtXK4.jpg
chien,8,Terrier Australien,Groupe 3,https://i.imgur.com/1ej7QUz.jpg
chien,307,Azawakh,Groupe 10,https://i.imgur.com/u8prDis.jpg
chien,358,Bangkaew de Thaïlande,Groupe 5,https://i.imgur.com/iVSFwGN.jpg
chien,155,Chien Courant de Bosnie à Poil Raide,Groupe 6,https://i.imgur.com/iVUbDfv.jpg
chien,105,Barbet,Groupe 8,https://i.imgur.com/vEf2DRI.jpg
chien,245,Barbu Tchèque,Groupe 7,https://i.imgur.com/UqyWFUt.jpg
chien,193,Barzoï,Groupe 10,https://i.imgur.com/066nzWN.jpg
chien,43,Basenji,Groupe 5,https://i.imgur.com/IU74Mqz.jpg
chien,34,Basset artésien normand,Groupe 6,https://i.imgur.com/yD9bNrH.jpg
chien,35,Basset bleu de Gascogne,Groupe 6,https://i.imgur.com/vycJ8oY.jpg
chien,100,Basset de Westphalie,Groupe 6,https://i.imgur.com/qOl1xq1.jpg
chien,254,Basset des Alpes,Groupe 6,https://i.imgur.com/WQZ36hT.jpg
chien,36,Basset fauve de Bretagne,Groupe 6,https://i.imgur.com/8TTPwM5.jpg
chien,163,Basset Hound,Groupe 6,https://i.imgur.com/1feNrqL.jpg
chien,130,Drever,Groupe 6,https://i.imgur.com/sWGaKx6.jpg
chien,161,Beagle,Groupe 6,https://i.imgur.com/TScrdCE.jpg
chien,290,Beagle-Harrier,Groupe 6,https://i.imgur.com/xpkJUPC.jpg
chien,44,Beauceron,Groupe 1,https://i.imgur.com/7uYh6Y1.jpg
chien,9,Bedlington Terrier,Groupe 3,https://i.imgur.com/OOaagks.jpg
chien,194,Berger de Bergame,Groupe 1,https://i.imgur.com/IWqo1mm.jpg
chien,166,Berger Allemand,Groupe 1,https://i.imgur.com/2qbdGwz.jpg
chien,342,Berger Australien,Groupe 1,https://i.imgur.com/P6P2Aza.jpg
chien,367,Berger Australien Miniature,Groupe 1,https://i.imgur.com/Qy36E22.jpg
chien,15,Berger Belge,Groupe 1,https://i.imgur.com/Gt2fhXI.jpg
chien,347,Berger Blanc Suisse,Groupe 1,https://i.imgur.com/qLJgBST.jpg
chien,237,Buhund Norvégien,Groupe 5,https://i.imgur.com/9Uliam6.jpg
chien,87,Berger Catalan,Groupe 1,https://i.imgur.com/N7lEbW1.jpg
chien,277,Berger Croate,Groupe 1,https://i.imgur.com/9QrfPDz.jpg
chien,335,Berger d'Asie Centrale,Groupe 2,https://i.imgur.com/laRHqZS.jpg
chien,364,Berger de Bohême,Groupe 1,https://i.imgur.com/keCc9c3.jpg
chien,355,Tornjak,Groupe 2,https://i.imgur.com/0tr7K4o.jpg
chien,201,Berger de Maremme-Abruzzes,Groupe 1,https://i.imgur.com/ez1tIsT.jpg
chien,321,Berger de Majorque,Groupe 1,https://i.imgur.com/s5o250B.jpg
chien,326,Berger de Russie Méridionale,Groupe 1,https://i.imgur.com/ZTCdROn.jpg
chien,138,Berger des Pyrénées à face rase,Groupe 1,https://i.imgur.com/0tgWMJk.jpg
chien,141,Berger des Pyrénées,Groupe 1,https://i.imgur.com/WgQs63l.jpg
chien,88,Berger des Shetland,Groupe 1,https://i.imgur.com/g1f5fzA.jpg
chien,328,Berger du Caucase,Groupe 2,https://i.imgur.com/cCKy9zE.jpg
chien,278,Berger du Karst,Groupe 2,https://i.imgur.com/SxrzAW3.jpg
chien,284,Berger Finnois de Laponie,Groupe 5,https://i.imgur.com/nFy4Kvx.jpg
chien,223,Berger Hollandais,Groupe 1,https://i.imgur.com/UAIdk9C.jpg
chien,289,Berger d'Islande,Groupe 5,https://i.imgur.com/2tmT1Oc.jpg
chien,176,Berger Picard,Groupe 1,https://i.imgur.com/XEY22vB.jpg
chien,252,Berger Polonais de Podhale,Groupe 1,https://i.imgur.com/3eUo9QY.jpg
chien,93,Berger Portugais,Groupe 1,https://i.imgur.com/wFeG1OE.jpg
chien,357,Berger roumain de Bucovine,Groupe 2,https://i.imgur.com/M0f6Coc.jpg
chien,349,Berger Roumain de Mioritza,Groupe 1,https://i.imgur.com/Du8jEc0.jpg
chien,350,Berger Roumain des Carpathes,Groupe 1,https://i.imgur.com/mAHjk75.jpg
chien,142,Tchouvatch Slovaque,Groupe 1,https://i.imgur.com/gLKOC8s.jpg
chien,59,Chien courant Bernois,Groupe 6,https://i.imgur.com/QTRO1xm.jpg
chien,215,Bichon Frisé,Groupe 9,https://i.imgur.com/ABJrnRX.jpg
chien,250,Bichon Havanais,Groupe 9,https://i.imgur.com/kGfjzhA.jpg
chien,25,Billy,Groupe 6,https://i.imgur.com/dWReF0J.jpg
chien,180,Braque d'Auvergne,Groupe 7,https://i.imgur.com/QT97lav.jpg
chien,16,Bobtail,Groupe 1,https://i.imgur.com/nNolyoy.jpg
chien,196,Bichon Bolonais,Groupe 9,https://i.imgur.com/SNk5xY2.jpg
chien,297,Border Collie,Groupe 1,https://i.imgur.com/jXDv4fy.jpg
chien,10,Border Terrier,Groupe 3,https://i.imgur.com/U8yjYkf.jpg
chien,149,Bouledogue Anglais,Groupe 2,https://i.imgur.com/OY9HGD6.jpg
chien,101,Bouledogue Français,Groupe 9,https://i.imgur.com/ow950dT.jpg
chien,46,Bouvier d'Appenzell,Groupe 2,https://i.imgur.com/m4adrqp.jpg
chien,287,Bouvier Australien,Groupe 1,https://i.imgur.com/YXkdWpA.jpg
chien,45,Bouvier Bernois,Groupe 2,https://i.imgur.com/PLSUKe4.jpg
chien,47,Bouvier de l'Entlebuch,Groupe 2,https://i.imgur.com/FdKWkhY.jpg
chien,171,Bouvier des Ardennes,Groupe 1,https://i.imgur.com/Xb4EPxF.jpg
chien,191,Bouvier des Flandres,Groupe 1,https://i.imgur.com/2bPODmp.jpg
chien,144,Boxer,Groupe 2,https://i.imgur.com/ve5qrbK.jpg
chien,299,Brachet Allemand,Groupe 6,https://i.imgur.com/e2SISFZ.jpg
chien,63,Brachet Autrichien Noir et Feu,Groupe 6,https://i.imgur.com/840YCeJ.jpg
chien,62,Brachet de Styrie à Poil Dur,Groupe 6,https://i.imgur.com/080Zb2R.jpg
chien,52,Brachet Polonais,Groupe 6,https://i.imgur.com/o2uDuEC.jpg
chien,68,Brachet Tyrolien,Groupe 6,https://i.imgur.com/2Mljgjb.jpg
chien,119,Braque Allemand à Poil Court,Groupe 7,https://i.imgur.com/jw6oWrM.jpg
chien,90,Perdiguero de Burgos,Groupe 7,https://i.imgur.com/aGcqi09.jpg
chien,177,Braque de l'Ariège,Groupe 7,https://i.imgur.com/mHN37RE.jpg
chien,179,Braque du Bourbonnais,Groupe 7,https://i.imgur.com/jJO4P5c.jpg
chien,133,Braque français type Gascogne,Groupe 7,https://i.imgur.com/MxefPtR.jpg
chien,134,Braque français type Pyrénées,Groupe 7,https://i.imgur.com/uZyPXEI.jpg
chien,57,Vizsla à Poil Court,Groupe 7,https://i.imgur.com/OUtdRZ3.jpg
chien,239,Vizsla à Poil Dur,Groupe 7,https://i.imgur.com/B1aG7Fo.jpg
chien,202,Braque Italien,Groupe 7,https://i.imgur.com/pfhilka.jpg
chien,115,Braque Saint-Germain,Groupe 7,https://i.imgur.com/9u88blV.jpg
chien,320,Braque Slovaque à Poil Dur,Groupe 7,https://i.imgur.com/IiSjd3C.jpg
chien,113,Berger de Brie,Groupe 1,https://i.imgur.com/kWaAsmg.jpg
chien,19,Briquet Griffon Vendéen,Groupe 6,https://i.imgur.com/51aOvcU.jpg
chien,315,Broholmer,Groupe 2,https://i.imgur.com/u8YK7xT.jpg
chien,113,Berger de Brie,Groupe 1,https://i.imgur.com/1iJbI7x.jpg
chien,19,Briquet Griffon Vendéen,Groupe 6,https://i.imgur.com/fkf35H6.jpg
chien,315,Broholmer,Groupe 2,https://i.imgur.com/blP4xij.jpg
chien,11,Bull Terrier,Groupe 3,https://i.imgur.com/CkqD3f1.jpg
chien,359,Bull Terrier miniature,Groupe 3,https://i.imgur.com/ITiGSMC.jpg
chien,157,Bullmastiff,Groupe 2,https://i.imgur.com/ed8FQj6.jpg
chien,249,Dogue de Majorque,Groupe 2,https://i.imgur.com/rnRF8BQ.jpg
chien,4,Cairn Terrier,Groupe 3,https://i.imgur.com/dYCxDWC.jpg
chien,343,Cane Corso,Groupe 2,https://i.imgur.com/dwNSksp.jpg
chien,172,Caniche,Groupe 9,https://i.imgur.com/PmlBH1a.jpg
chien,253,Carlin,Groupe 9,https://i.imgur.com/p4UwFzm.jpg
chien,136,Cavalier King Charles Spaniel,Groupe 9,https://i.imgur.com/lzMvRPA.jpg
chien,246,Terrier Tchèque,Groupe 3,https://i.imgur.com/Q27lnCE.jpg
chien,366,Chien courant d'Estonie,Groupe 6,https://i.imgur.com/oSmJsem.jpg
chien,152,Chien Courant d'Istrie à Poil Dur,Groupe 6,https://i.imgur.com/6quRwj6.jpg
chien,151,Chien Courant d'Istrie à Poil Ras,Groupe 6,https://i.imgur.com/PEtyDrX.jpg
chien,279,Chien Courant de Montagne du Monténégro,Groupe 6,https://i.imgur.com/dbzyPys.jpg
chien,154,Chien Courant de Posavatz,Groupe 6,https://i.imgur.com/WAd5Edf.jpg
chien,241,Chien Courant de Transylvanie,Groupe 6,https://i.imgur.com/zYv6CjV.jpg
chien,129,Chien Courant du Smaland,Groupe 6,https://i.imgur.com/T3AMncl.jpg
chien,204,Chien Courant Espagnol,Groupe 6,https://i.imgur.com/H5Pkmg3.jpg
chien,51,Chien Courant Finlandais,Groupe 6,https://i.imgur.com/OmWRM8t.jpg
chien,214,Chien Courant Grec,Groupe 6,https://i.imgur.com/fkNb5Ai.jpg
chien,267,Chien Courant de Halden,Groupe 6,https://i.imgur.com/19C2lGi.jpg
chien,132,Chien Courant de Hamilton,Groupe 6,https://i.imgur.com/TlXVupV.jpg
chien,266,Chien Courant de Hygen,Groupe 6,https://i.imgur.com/MqV7m1v.jpg
chien,337,Chien Courant Italien à Poil Ras,Groupe 6,https://i.imgur.com/HdOL1z0.jpg
chien,198,Chien Courant Italien à Poil Dur,Groupe 6,https://i.imgur.com/Q02dWqF.jpg
chien,150,Chien Courant Serbe,Groupe 6,https://i.imgur.com/Nc73WPu.jpg
chien,244,Chien Courant Slovaque,Groupe 6,https://i.imgur.com/VQMGhp9.jpg
chien,229,Chien Courant Tricolore Serbe,Groupe 6,https://i.imgur.com/Fg05LXK.jpg
chien,232,Chien d'Arrêt Allemand à Poil Raide,Groupe 7,https://i.imgur.com/yMFFwRh.jpg
chien,281,Chien d'Arrêt Danois Ancestral,Groupe 7,https://i.imgur.com/RmTrdCF.jpg
chien,222,Stabyhoun,Groupe 7,https://i.imgur.com/IjhUPHP.jpg
chien,165,Spinone Italiano,Groupe 7,https://i.imgur.com/IRjxHLU.jpg
chien,187,Braque Portugais,Groupe 7,https://i.imgur.com/c5uQaUT.jpg
chien,28,Chien d'Artois,Groupe 6,https://i.imgur.com/fIY5SVP.jpg
chien,37,Chien d'Eau Portugais,Groupe 8,https://i.imgur.com/HtIxp4R.jpg
chien,242,Chien d'Elan Norvégien Gris,Groupe 5,https://i.imgur.com/Pga42Lk.jpg
chien,268,Chien d'Elan Norvégien Noir,Groupe 5,https://i.imgur.com/fNJctlA.jpg
chien,48,Chien d'Ours de Carélie,Groupe 5,https://i.imgur.com/VCUFbia.jpg
chien,362,Chien de Bali,Groupe 5,https://i.imgur.com/R56TRby.jpg
chien,273,Chien de Canaan,Groupe 5,https://i.imgur.com/viUCotN.jpg
chien,170,Chien de Castro Laboreiro,Groupe 2,https://i.imgur.com/DDPvzgZ.jpg
chien,356,Chien de Ferme dano-suédois,Groupe 2,https://i.imgur.com/SRmLzDb.jpg
chien,94,Podengo Portugais,Groupe 5,https://i.imgur.com/D2fmfGo.jpg
chien,217,Chien de Rouge de Bavière,Groupe 6,https://i.imgur.com/kJWx0Kl.jpg
chien,213,Chien de Rouge de Hanovre,Groupe 6,https://i.imgur.com/bmkHwET.jpg
chien,348,Chien de Taiwan,Groupe 5,https://i.imgur.com/j7XUOPI.jpg
chien,274,Chien du Groenland,Groupe 5,https://i.imgur.com/hFmTCaH.jpg
chien,248,Chien du Pharaon,Groupe 5,https://i.imgur.com/Kg9xczt.jpg
chien,42,Jämthund,Groupe 5,https://i.imgur.com/Jxtvxuo.jpg
chien,189,Chien Finnois de Laponie,Groupe 5,https://i.imgur.com/RPhkIrt.jpg
chien,332,Chien Loup Tchécoslovaque,Groupe 1,https://i.imgur.com/2X35iwE.jpg
chien,288,Chien Chinois à Crête,Groupe 9,https://i.imgur.com/iNo04xR.jpg
chien,310,Chien Nu du Pérou,Groupe 5,https://i.imgur.com/xM4T5B5.jpg
chien,24,Poitevin,Groupe 6,https://i.imgur.com/S9NhZsk.jpg
chien,135,Chien Suédois de Laponie,Groupe 5,https://i.imgur.com/hguFNXn.jpg
chien,206,Épagneul Japonais,Groupe 9,https://i.imgur.com/pW2RHcu.jpg
chien,336,Chien d'Eau Espagnol,Groupe 8,https://i.imgur.com/G16NzNP.jpg
chien,218,Chihuahua,Groupe 9,https://i.imgur.com/CZIcsSJ.jpg
chien,205,Chow Chow,Groupe 5,https://i.imgur.com/stWZUEg.jpg
chien,353,Cimarron Uruguayen,Groupe 2,https://i.imgur.com/049BnA4.jpg
chien,199,Cirneco de l'Etna,Groupe 5,https://i.imgur.com/4cV8hVl.jpg
chien,109,Clumber Spaniel,Groupe 8,https://i.imgur.com/sqyiWLI.jpg
chien,5,Cocker Anglais,Groupe 8,https://i.imgur.com/hPe4e6H.jpg
chien,271,Bearded Collie,Groupe 1,https://i.imgur.com/7DujCZU.jpg
chien,296,Colley à Poil Court,Groupe 1,https://i.imgur.com/dWNwWZG.jpg
chien,156,Colley à Poil Long,Groupe 1,https://i.imgur.com/9PPV0n6.jpg
chien,300,Black and Tan Coonhound,Groupe 6,https://i.imgur.com/oiPYb0e.jpg
chien,283,Coton de Tuléar,Groupe 9,https://i.imgur.com/YujVz0z.jpg
chien,110,Curly Coated Retriever,Groupe 8,https://i.imgur.com/DNUJtrm.jpg
chien,153,Dalmatien,Groupe 6,https://i.imgur.com/3Y92UsW.jpg
chien,168,Dandie Dinmont Terrier,Groupe 3,https://i.imgur.com/EVDqtah.jpg
chien,117,Langhaar,Groupe 7,https://i.imgur.com/j0H110Y.jpg
chien,184,Pinscher Allemand,Groupe 2,https://i.imgur.com/FXTfoyg.jpg
chien,104,Chien d'Oysel,Groupe 8,https://i.imgur.com/EBS0TwL.jpg
chien,143,Dobermann,Groupe 2,https://i.imgur.com/wdFjehr.jpg
chien,346,Dogo Canario,Groupe 2,https://i.imgur.com/KDJ0qeY.jpg
chien,235,Dogue Allemand,Groupe 2,https://i.imgur.com/ZmRgnUG.jpg
chien,292,Dogue Argentin,Groupe 2,https://i.imgur.com/sLKeotG.jpg
chien,116,Dogue de Bordeaux,Groupe 2,https://i.imgur.com/v6lv7Ha.jpg
chien,230,Dogue du Tibet,Groupe 2,https://i.imgur.com/s2hkHMY.jpg
chien,98,Draathaar,Groupe 7,https://i.imgur.com/psXEHIp.jpg
chien,203,Chien Courant Norvégien,Groupe 6,https://i.imgur.com/OG5oEEt.jpg
chien,264,Mastiff,Groupe 2,https://i.imgur.com/sYT72cO.jpg
chien,1,Pointer,Groupe 7,https://i.imgur.com/IUcRhUb.jpg
chien,2,Setter Anglais,Groupe 7,https://i.imgur.com/lTCWeuY.jpg
chien,125,Springer Anglais,Groupe 8,https://i.imgur.com/vBHG6Qv.jpg
chien,128,English Toy Spaniel,Groupe 9,https://i.imgur.com/BGwCfWT.jpg
chien,224,Épagneul à Perdrix de Drente,Groupe 7,https://i.imgur.com/tIfNZjF.jpg
chien,106,Épagneul bleu de Picardie,Groupe 7,https://i.imgur.com/k4fZsVu.jpg
chien,95,Épagneul Breton,Groupe 7,https://i.imgur.com/pt8dYj9.jpg
chien,114,Épagneul de Pont-Audemer,Groupe 7,https://i.imgur.com/lXXEJQM.jpg
chien,175,Épagneul français,Groupe 7,https://i.imgur.com/oEDtSui.jpg
chien,77,Épagneul Nain Continental Papillon,Groupe 9,https://i.imgur.com/RWSpqB6.jpg
chien,207,Pékinois,Groupe 9,https://i.imgur.com/znIiwbw.jpg
chien,108,Épagneul picard,Groupe 7,https://i.imgur.com/oYoQ5vi.jpg
chien,211,Esquimau Canadien,Groupe 5,https://i.imgur.com/peRkaLt.jpg
chien,173,Chien de Montagne Portugais,Groupe 2,https://i.imgur.com/7WMdqhc.jpg
chien,291,Eurasier,Groupe 5,https://i.imgur.com/I0Oe2uB.jpg
chien,123,Field Spaniel,Groupe 8,https://i.imgur.com/Hfmj9k2.jpg
chien,225,Fila Brasileiro,Groupe 2,https://i.imgur.com/aIyy0vj.jpg
chien,340,Fila de Sao Miguel,Groupe 2,https://i.imgur.com/BecLr7I.jpg
chien,121,Retriever à Poil Plat,Groupe 8,https://i.imgur.com/YNv3YJO.jpg
chien,169,Fox Terrier à Poil Dur,Groupe 3,https://i.imgur.com/kFcKWPm.jpg
chien,12,Fox Terrier à Poil Lisse,Groupe 3,https://i.imgur.com/GwEptJ2.jpg
chien,303,Foxhound Américain,Groupe 6,https://i.imgur.com/PN675FP.jpg
chien,159,Foxhound Anglais,Groupe 6,https://i.imgur.com/R04ZuCD.jpg
chien,220,Français blanc et noir,Groupe 6,https://i.imgur.com/RrNwfuu.jpg
chien,316,Français blanc et orange,Groupe 6,https://i.imgur.com/l84KSXS.jpg
chien,219,Français tricolore,Groupe 6,https://i.imgur.com/FowcUgn.jpg
chien,111,Golden Retriever,Groupe 8,https://i.imgur.com/ZW75JGv.jpg
chien,354,Chien Courant Polonais,Groupe 6,https://i.imgur.com/H1QashA.jpg
chien,323,Grand Anglo Français Blanc et Noir,Groupe 6,https://i.imgur.com/8lPP0hd.jpg
chien,324,Grand Anglo Français Blanc et Orange,Groupe 6,https://i.imgur.com/CaOWtqc.jpg
chien,322,Grand Anglo Français Tricolore,Groupe 6,https://i.imgur.com/M8tKWVl.jpg
chien,33,Grand Basset Griffon Vendéen,Groupe 6,https://i.imgur.com/QqFMghb.jpg
chien,22,Grand Bleu de Gascogne,Groupe 6,https://i.imgur.com/G6ElPFo.jpg
chien,58,Grand Bouvier Suisse,Groupe 2,https://i.imgur.com/SCY2kuZ.jpg
chien,118,Grand épagneul de Münster,Groupe 7,https://i.imgur.com/ed3eA0e.jpg
chien,282,Grand Griffon Vendéen,Groupe 6,https://i.imgur.com/pRkkjjY.jpg
chien,158,Greyhound,Groupe 10,https://i.imgur.com/HDqOWGO.jpg
chien,81,Griffon belge,Groupe 9,https://i.imgur.com/ptwQ04z.jpg
chien,32,Griffon bleu de Gascogne,Groupe 6,https://i.imgur.com/qEPYbiD.jpg
chien,80,Griffon bruxellois,Groupe 9,https://i.imgur.com/axfPOzx.jpg
chien,66,Griffon fauve de Bretagne,Groupe 6,https://i.imgur.com/1jTzF9V.jpg
chien,107,Korthals,Groupe 7,https://i.imgur.com/EfhPNLC.jpg
chien,17,Griffon Nivernais,Groupe 6,https://i.imgur.com/DpvdhbL.jpg
chien,295,Harrier,Groupe 6,https://i.imgur.com/ynsZTBe.jpg
chien,261,Hokkaïdo Ken,Groupe 5,https://i.imgur.com/j0ACjIA.jpg
chien,308,Smous des Pays-Bas,Groupe 2,https://i.imgur.com/aODC4Ll.jpg
chien,190,Hovawart,Groupe 2,https://i.imgur.com/WhsbhSv.jpg
chien,120,Setter Irlandais,Groupe 7,https://i.imgur.com/HcenApT.jpg
chien,124,Épagneul d'Eau Irlandais,Groupe 8,https://i.imgur.com/g5zsoyr.jpg
chien,160,Irish Wolfhound,Groupe 10,https://i.imgur.com/Okt6IG3.jpg
chien,200,Petit Lévrier Italien,Groupe 10,https://i.imgur.com/jQ14Ulo.jpg
chien,345,Jack Russell,Groupe 3,https://i.imgur.com/4A5EDmj.jpg
chien,334,Jindo Coréen,Groupe 5,https://i.imgur.com/ZRIUust.jpg
chien,317,Kai Ken,Groupe 5,https://i.imgur.com/M44jS5K.jpg
chien,331,Kangal,Groupe 2,https://i.imgur.com/jaAcXvO.jpg
chien,3,Kerry Blue Terrier,Groupe 3,https://i.imgur.com/CdIUJt4.jpg
chien,318,Kishu Ken,Groupe 5,https://i.imgur.com/rn0UZdt.jpg
chien,53,Komondor,Groupe 1,https://i.imgur.com/nrQwB7F.jpg
chien,314,Kooikerhondje,Groupe 8,https://i.imgur.com/eZIrnWz.jpg
chien,192,Kromfohrländer,Groupe 9,https://i.imgur.com/JUhoiNP.jpg
chien,54,Kuvasz,Groupe 1,https://i.imgur.com/TR6gJ5M.jpg
chien,122,Labrador Retriever,Groupe 8,https://i.imgur.com/oc7IHlY.jpg
chien,298,Lagotto Romagnolo,Groupe 8,https://i.imgur.com/VO7Dsdh.jpg
chien,306,Laïka de Sibérie Occidentale,Groupe 5,https://i.imgur.com/FpcgBQw.jpg
chien,305,Laïka de Sibérie Orientale,Groupe 5,https://i.imgur.com/JYcwMe8.jpg
chien,365,Laïka de Yakoutie,Groupe 5,https://i.imgur.com/sbalV3t.jpg
chien,304,Laïka Russo-Européen,Groupe 5,https://i.imgur.com/Sir47oi.jpg
chien,70,Lakeland Terrier,Groupe 3,https://i.imgur.com/kaH81Fg.jpg
chien,360,Lancashire Heeler,Groupe 1,https://i.imgur.com/66sGRDF.jpg
chien,226,Landseer,Groupe 2,https://i.imgur.com/n0PiKZU.jpg
chien,145,Leonberg,Groupe 2,https://i.imgur.com/mcxDtjE.jpg
chien,228,Lévrier Afghan,Groupe 10,https://i.imgur.com/vabkNwQ.jpg
chien,164,Lévrier Ecossais,Groupe 10,https://i.imgur.com/vLy3Ovi.jpg
chien,285,Galgo Espagnol,Groupe 10,https://i.imgur.com/Bi5NmXF.jpg
chien,240,Lévrier Hongrois,Groupe 10,https://i.imgur.com/FRhPPHx.jpg
chien,333,Chart polski,Groupe 10,https://i.imgur.com/VKT1CYd.jpg
chien,162,Whippet,Groupe 10,https://i.imgur.com/9xcRFsw.jpg
chien,227,Lhassa Apso,Groupe 9,https://i.imgur.com/E1VdVUt.jpg
chien,265,Lundehund,Groupe 5,https://i.imgur.com/cilAgC7.jpg
chien,65,Bichon Maltais,Groupe 9,https://i.imgur.com/I79txLQ.jpg
chien,92,Mâtin des Pyrénées,Groupe 2,https://i.imgur.com/8t9n5sD.jpg
chien,91,Mâtin Espagnol,Groupe 2,https://i.imgur.com/eLViu88.jpg
chien,197,Mâtin Napolitain,Groupe 2,https://i.imgur.com/GPk9QlT.jpg
chien,96,Rafeiro de l'Alentejo,Groupe 2,https://i.imgur.com/fqq0rfN.jpg
chien,368,Mâtin Transmontano,Groupe 2,https://i.imgur.com/i5297nv.jpg
chien,182,Schnauzer Moyen,Groupe 2,https://i.imgur.com/s7SmDHH.jpg
chien,238,Mudi,Groupe 1,https://i.imgur.com/w5pA0Rl.jpg
chien,251,Nizinny,Groupe 1,https://i.imgur.com/94n2N7t.jpg
chien,294,Otterhound,Groupe 6,https://i.imgur.com/mwLDPYX.jpg
chien,339,Parson Russell Terrier,Groupe 3,https://i.imgur.com/qsWloXk.jpg
chien,137,Chien de Montagne des Pyrénées,Groupe 2,https://i.imgur.com/GKlFSjX.jpg
chien,67,Petit Basset Griffon Vendéen,Groupe 6,https://i.imgur.com/1XJ7vzM.jpg
chien,31,Petit bleu de Gascogne,Groupe 6,https://i.imgur.com/ipeDvFR.jpg
chien,82,Petit Brabançon,Groupe 9,https://i.imgur.com/b0tmAxw.jpg
chien,60,Petit Chien Courant Suisse,Groupe 6,https://i.imgur.com/OJcBugj.jpg
chien,233,Petit chien lion,Groupe 9,https://i.imgur.com/cpNL0v5.jpg
chien,102,Petit Epagneul de Münster,Groupe 7,https://i.imgur.com/2Q9Xfix.jpg
chien,21,Petit gascon saintongeois,Groupe 6,https://i.imgur.com/aSPq8bp.jpg
chien,64,Pinscher Autrichien,Groupe 2,https://i.imgur.com/w2QqJFG.jpg
chien,185,Pinscher Nain,Groupe 2,https://i.imgur.com/NCsegdJ.jpg
chien,329,Podenco Canario,Groupe 5,https://i.imgur.com/ToidUDA.jpg
chien,89,Podenco d'Ibiza,Groupe 5,https://i.imgur.com/g1G7qgv.jpg
chien,30,Porcelaine,Groupe 6,https://i.imgur.com/BMIRnHS.jpg
chien,216,Pudelpointer,Groupe 7,https://i.imgur.com/L2CqcRr.jpg
chien,55,Puli,Groupe 1,https://i.imgur.com/6f70VH9.jpg
chien,56,Pumi,Groupe 1,https://i.imgur.com/99rYdDJ.jpg
chien,363,Ratier de Prague,Groupe 9,https://i.imgur.com/tIrVtWn.jpg
chien,263,Chesapeake Bay Retriever,Groupe 8,https://i.imgur.com/bQil9lm.jpg
chien,312,Retriever de la Nouvelle-Écosse,Groupe 8,https://i.imgur.com/JaSY95p.jpg
chien,146,Rhodesian Ridgeback,Groupe 6,https://i.imgur.com/1jryjIc.jpg
chien,147,Rottweiler,Groupe 2,https://i.imgur.com/eRNrajS.jpg
chien,352,Russkiy Toy,Groupe 9,https://i.imgur.com/zifbrrB.jpg
chien,311,Chien Loup de Saarloos,Groupe 1,https://i.imgur.com/pBDrexu.jpg
chien,61,Saint-Bernard,Groupe 2,https://i.imgur.com/cN3b6Lz.jpg
chien,84,Saint-Hubert,Groupe 6,https://i.imgur.com/AKXuSdN.jpg
chien,269,Saluki,Groupe 10,https://i.imgur.com/rEYYPq1.jpg
chien,212,Samoyède,Groupe 5,https://i.imgur.com/01cENMs.jpg
chien,41,Berger Yougoslave,Groupe 2,https://i.imgur.com/fW9mINF.jpg
chien,313,Schapendoes Néerlandais,Groupe 1,https://i.imgur.com/Yt6bm8I.jpg
chien,131,Chien Courant de Schiller,Groupe 6,https://i.imgur.com/yJvbdp1.jpg
chien,83,Schipperke,Groupe 1,https://i.imgur.com/blhlpkC.jpg
chien,181,Schnauzer Géant,Groupe 2,https://i.imgur.com/rK7OAKa.jpg
chien,183,Schnauzer Nain,Groupe 2,https://i.imgur.com/hfcdpp9.jpg
chien,73,Scottish Terrier,Groupe 3,https://i.imgur.com/DLakMyi.jpg
chien,361,Segugio Maremmano,Groupe 6,https://i.imgur.com/1qGMlbB.jpg
chien,6,Setter Gordon,Groupe 7,https://i.imgur.com/B7JNBTe.jpg
chien,330,Setter Irlandais Rouge et Blanc,Groupe 7,https://i.imgur.com/xclHr3o.jpg
chien,309,Shar-Peï,Groupe 2,https://i.imgur.com/q89ZjMw.jpg
chien,257,Shiba Inu,Groupe 5,https://i.imgur.com/EYDPNiy.jpg
chien,208,Shih Tzu,Groupe 9,https://i.imgur.com/nPy7fYb.jpg
chien,319,Shikoku Ken,Groupe 5,https://i.imgur.com/1xDWU0T.jpg
chien,270,Husky Sibérien,Groupe 5,https://i.imgur.com/cFvsS2U.jpg
chien,75,Skye Terrier,Groupe 3,https://i.imgur.com/YyWOK0H.jpg
chien,188,Sloughi,Groupe 10,https://i.imgur.com/CaBpuaO.jpg
chien,97,Spitz Allemand,Groupe 5,https://i.imgur.com/iBmy7l6.jpg
chien,276,Spitz de Norrbotten,Groupe 5,https://i.imgur.com/Ku2Kcym.jpg
chien,49,Spitz Finlandais,Groupe 5,https://i.imgur.com/zZ2M1W0.jpg
chien,262,Spitz Japonais,Groupe 5,https://i.imgur.com/IusPnvj.jpg
chien,76,Staffordshire Bull Terrier,Groupe 3,https://i.imgur.com/UQ4DcFk.jpg
chien,127,Sussex Spaniel,Groupe 8,https://i.imgur.com/a69jWfg.jpg
chien,148,Teckel,Groupe 4,https://i.imgur.com/Ul6hpA6.jpg
chien,50,Terre Neuve,Groupe 2,https://i.imgur.com/c3k3eiD.jpg
chien,341,Terrier Brésilien,Groupe 3,https://i.imgur.com/PqeloOa.jpg
chien,140,Boston Terrier,Groupe 9,https://i.imgur.com/lisxB4s.jpg
chien,103,Deutscher Jagdterrier,Groupe 3,https://i.imgur.com/1Leihtj.jpg
chien,71,Manchester Terrier,Groupe 3,https://i.imgur.com/sgCYtEc.jpg
chien,72,Norwich Terrier,Groupe 3,https://i.imgur.com/0zrutpJ.jpg
chien,74,Sealyham Terrier,Groupe 3,https://i.imgur.com/M5WosLW.jpg
chien,272,Norfolk Terrier,Groupe 3,https://i.imgur.com/csDx9vb.jpg
chien,139,Irish Terrier,Groupe 3,https://i.imgur.com/D1NxpBh.jpg
chien,40,Terrier Irlandais à Poil Doux,Groupe 3,https://i.imgur.com/52oxITG.jpg
chien,302,Terrier Irlandais Glen of Imaal,Groupe 3,https://i.imgur.com/KajgluS.jpg
chien,259,Terrier Japonais,Groupe 3,https://i.imgur.com/rwEpXrq.jpg
chien,327,Terrier Noir Russe,Groupe 2,https://i.imgur.com/oA3ummy.jpg
chien,338,Thaï Ridgeback,Groupe 5,https://i.imgur.com/ZiUCdmB.jpg
chien,231,Épagneul Tibétain,Groupe 9,https://i.imgur.com/AXO0Xzs.jpg
chien,209,Terrier du Tibet,Groupe 9,https://i.imgur.com/dqxdVHd.jpg
chien,260,Tosa Inu,Groupe 2,https://i.imgur.com/0Brgy8X.jpg
chien,13,Terrier d'Agrément anglais Noir et Feu,Groupe 3,https://i.imgur.com/9bLkgbQ.jpg
chien,14,Vallhund Suédois,Groupe 5,https://i.imgur.com/KGsFeiK.jpg
chien,195,Volpino,Groupe 5,https://i.imgur.com/N2TBVfP.jpg
chien,99,Braque de Weimar,Groupe 7,https://i.imgur.com/vAkPhrn.jpg
chien,38,Welsh Corgi Cardigan,Groupe 1,https://i.imgur.com/nACkgEU.jpg
chien,39,Welsh Corgi Pembroke,Groupe 1,https://i.imgur.com/1szAYQL.jpg
chien,126,Springer Gallois,Groupe 8,https://i.imgur.com/AOdegwr.jpg
chien,78,Welsh Terrier,Groupe 3,https://i.imgur.com/135BKZg.jpg
chien,85,West Highland White Terrier,Groupe 3,https://i.imgur.com/y5D8OlE.jpg
chien,221,Wetterhoun,Groupe 8,https://i.imgur.com/SIKW5Y0.jpg
chien,234,Xoloitzcuintle,Groupe 5,https://i.imgur.com/MEXV28c.jpg
chien,86,Yorkshire Terrier,Groupe 3,https://i.imgur.com/1izbl7l.jpg
cheval,,Cotentin,Ane,https://i.imgur.com/JvOUgpj.jpg
cheval,,Grand Noir du Berry,Ane,https://cdn.discordapp.com/attachments/818580909460029484/830246779885977600/Ane_grand_noir_du_Berry_La_Celle-Conde.jpg
cheval,,Normand,Ane,https://i.imgur.com/fuD4CKw.jpg
cheval,,Provence,Ane,https://i.imgur.com/F3fCy41.jpg
cheval,,Pyrénées,Ane,https://i.imgur.com/xOJnDlK.jpg
cheval,,Baudet du Poitou,Ane,https://i.imgur.com/kYui0aS.jpg
cheval,,Bourbonnais,Ane,https://i.imgur.com/LDRdQdi.jpg
cheval,,Ardennais,Cheval de trait,https://i.imgur.com/PcxA9CT.jpg
cheval,,Auxois,Cheval de trait,https://i.imgur.com/COjzema.jpg
cheval,,Boulonnais,Cheval de trait,https://i.imgur.com/1cVkHmD.jpg
cheval,,Breton,Cheval de trait,https://i.imgur.com/7urf7CN.jpg
cheval,,Cob Normand,Cheval de trait,https://cdn.discordapp.com/attachments/818580909460029484/830246395524153385/Cob_Normand.jpg
cheval,,Comtois,Cheval de trait,https://i.imgur.com/cXzU11w.jpg
cheval,,Cheval de pure race Franches-Montagnes,Cheval de trait,https://i.imgur.com/xvHT0Mx.jpg
cheval,,Cheval mulassier du Poitou,Cheval de trait,https://i.imgur.com/TnFIgTJ.jpg
cheval,,Percheron,Cheval de trait,https://i.imgur.com/zMmkTCX.jpg
cheval,France,Arabe,chevaux de sang,https://i.imgur.com/JGaHP3b.jpg
cheval,France,Anglo-Arabe,chevaux de sang,https://cdn.discordapp.com/attachments/818580909460029484/830246291417726976/anglo-arabe.webp
cheval,France,Selle Français,chevaux de sang,https://i.imgur.com/nOZL5yN.jpg
cheval,France,Camargue,chevaux de sang,https://i.imgur.com/sLoVj1L.jpg
cheval,France,Ariégeois de Castillon,chevaux de sang,https://i.imgur.com/66J0IXq.jpg
cheval,France,Mérens,chevaux de sang,https://i.imgur.com/nV5I4kC.jpg
cheval,France,Henson,chevaux de sang,https://i.imgur.com/4JVJenX.jpg
cheval,Etrangère,Akhal-Téké de Pur Sang,chevaux de sang,https://cdn.discordapp.com/attachments/818580909460029484/830246596146757692/akhal-teke-_de_Pur_Sang.jpg
cheval,Etrangère,Appaloosa,chevaux de sang,https://i.imgur.com/ppZfnBl.jpg
cheval,Etrangère,Barbe,chevaux de sang,https://i.imgur.com/d9ZWq0X.jpg
cheval,Etrangère,Crème,chevaux de sang,https://i.imgur.com/6YJjKdy.jpg
cheval,Etrangère,Frison,chevaux de sang,https://i.imgur.com/y8cvtgO.jpg
cheval,Etrangère,Islandais,chevaux de sang,https://i.imgur.com/NYdKefX.jpg
cheval,Etrangère,Lipizzan,chevaux de sang,https://i.imgur.com/r7Dsann.jpg
cheval,Etrangère,Paint Horse,chevaux de sang,https://cdn.discordapp.com/attachments/818580909460029484/830245916673441792/paint_horse.jpg
cheval,Etrangère,Lusitanienne,chevaux de sang,https://i.imgur.com/drn4Ksu.jpg
cheval,Etrangère,Espagnole,chevaux de sang,https://i.imgur.com/wbpUtRy.jpg
cheval,Etrangère,Quarter Horse,chevaux de sang,https://cdn.discordapp.com/attachments/818580909460029484/830247028277510154/quarter-horse.webp
cheval,Etrangère,Shagya,chevaux de sang,https://i.imgur.com/BZ4Mhgl.jpg
cheval,Etrangère,Trakehner,chevaux de sang,https://i.imgur.com/7WlMDMA.jpg
cheval,,Pur-Sang,chevaux de sang,https://cdn.discordapp.com/attachments/818580909460029484/830246123628527626/Pur_Sang.jpg
cheval,,Trotteur Français,chevaux de sang,https://cdn.discordapp.com/attachments/818580909460029484/830245662692081694/trotteur_francais.jpg
cheval,,Connemara,poney,https://i.imgur.com/YjpSXWu.jpg
cheval,,Dartmoor,poney,https://i.imgur.com/qbtyEmX.jpg
cheval,,Fjord,poney,https://i.imgur.com/kN4YGiZ.jpg
cheval,,Français de Selle,poney,https://i.imgur.com/IbBdqGZ.jpg
cheval,,Haflinger,poney,https://i.imgur.com/CFHlPfx.jpg
cheval,,Highland,poney,https://i.imgur.com/gSI0uX6.jpg
cheval,,Landais,poney,https://cdn.discordapp.com/attachments/818580909460029484/830247335019151380/landais.jpg
cheval,,New Forest,poney,https://i.imgur.com/aFgPvw9.jpg
cheval,,Pottok,poney,https://i.imgur.com/cAxiKbg.jpg
cheval,,Shetland,poney,https://cdn.discordapp.com/attachments/818580909460029484/830246894994587658/shetland.webp
cheval,,Shetland,poney,https://cdn.discordapp.com/attachments/818580909460029484/830246894994587658/shetland.webp
cheval,,Welsh,poney,https://cdn.discordapp.com/attachments/818580909460029484/830245181151248394/Welsh_Pony.jpg
