Virginie#0867;8,17502E+17;Virginie - Arry (57);#0867;Virginie - Arry (57);#4983c4;https://cdn.discordapp.com/embed/avatars/2.png;05/03/2021;05/03/2021;;Référents;@everyone;Club Jeunes d'Arry;Encadrants;Référents;;
ImnotnathaYT#8079;6,53188E+17;Nathael - Bordeaux (33);#8079;Nathael - Bordeaux (33);#c6b211;https://cdn.discordapp.com/avatars/653187728032399391/c2be3540ad8ca71c775a8167a9f24378.webp?size=1024;18/02/2021;08/12/2019;;Jeunes;@everyone;Club Jeunes de Bordeaux;Jeunes;;;
Alma CJ de Bordeaux#1871;8,12365E+17;Alma - Bordeaux (33);#1871;Alma - Bordeaux (33);#c6b211;https://cdn.discordapp.com/avatars/812365154184069132/d7e9c593b9c151e923e63961ce78f910.webp?size=1024;19/02/2021;19/02/2021;;Jeunes;@everyone;Club Jeunes de Bordeaux;Jeunes;;;
Nils05100#4521;8,22062E+17;Nils - Briançon (05);#4521;Nils - Briançon (05);#c6b211;https://cdn.discordapp.com/embed/avatars/1.png;21/03/2021;18/03/2021;;Jeunes;@everyone;Club Jeunes de Briançon;Jeunes;;;
Le P'tit Beurre Fou ??#3503;6,14958E+17;Eliott - Briançon (05);#3503;Eliott - Briançon (05);#c6b211;https://cdn.discordapp.com/avatars/614958426849542157/17ed2ad8437ec51c723da8f3cb842d85.webp?size=1024;25/03/2021;24/08/2019;;Jeunes;@everyone;Club Jeunes de Briançon;Jeunes;;;
imogen CJ de briancon#1398;8,19232E+17;Imogen - Briançon (05);#1398;Imogen - Briançon (05);#4983c4;https://cdn.discordapp.com/avatars/819231783635648543/6fb2f8b0d4cc598a15b7334c14321b52.webp?size=1024;10/03/2021;10/03/2021;;Référents;@everyone;Club Jeunes de Briançon;Encadrants;Référents;;
Club jeunes Chamarande#6857;8,21844E+17;Léa - Chamarande (91);#6857;Léa - Chamarande (91);#31c3d9;https://cdn.discordapp.com/embed/avatars/2.png;17/03/2021;17/03/2021;;Encadrants;@everyone;Club Jeunes de Chamarande;Encadrants;;;
Abel_j#2508;7,66218E+17;Abel - Chamarande (91);#2508;Abel - Chamarande (91);#c6b211;https://cdn.discordapp.com/avatars/766218397536354335/ed867f011a5a94733e5f409a688b883a.webp?size=1024;05/03/2021;15/10/2020;;Jeunes;@everyone;Club Jeunes de Chamarande;Jeunes;;;
Loane#5676;6,89063E+17;Loane - Chamarande (91);#5676;Loane - Chamarande (91);#c6b211;https://cdn.discordapp.com/avatars/689063301199822971/7b0a1c712b3cfc18b2435dfb21f6a1cc.webp?size=1024;09/03/2021;16/03/2020;;Jeunes;@everyone;Club Jeunes de Chamarande;Jeunes;;;
Cassy CJ de Chamarande#3125;8,26007E+17;Cassy - Chamarande (91);#3125;Cassy - Chamarande (91);#c6b211;https://cdn.discordapp.com/embed/avatars/0.png;30/03/2021;29/03/2021;;Jeunes;@everyone;Club Jeunes de Chamarande;Jeunes;;;
Cassy CJ de Chamarande#6404;8,26007E+17;Cassy - Chamarande (91);#6404;Cassy - Chamarande (91);#c6b211;https://cdn.discordapp.com/embed/avatars/4.png;29/03/2021;29/03/2021;;Jeunes;@everyone;Club Jeunes de Chamarande;Jeunes;;;
Cassie du CJ de Chamarande#4125;4,29295E+17;Cassie - Chamarande (91);#4125;Cassie - Chamarande (91);#c6b211;https://cdn.discordapp.com/avatars/429294921447637013/74aeeb98a41309238ae9fca7a9a988ae.webp?size=1024;17/02/2021;30/03/2018;;Jeunes;@everyone;Club Jeunes de Chamarande;Jeunes;;;
Lana du CJ de Chamarande#4322;8,1481E+17;Lana - Chamarande (91);#4322;Lana - Chamarande (91);#c6b211;https://cdn.discordapp.com/embed/avatars/2.png;26/02/2021;26/02/2021;;Jeunes;@everyone;Club Jeunes de Chamarande;Jeunes;;;
Noelly CJ de Chameyrat#1221;8,1229E+17;Noelly - Chameyrat (19);#1221;Noelly - Chameyrat (19);#c6b211;https://cdn.discordapp.com/avatars/812289741294534718/ac1a961158ab3b05e209201d4cbfb25c.webp?size=1024;19/02/2021;19/02/2021;;Jeunes;@everyone;Club Jeunes de Chameyrat;Jeunes;;;
Héloïse CJ de Chameyrat#5373;8,11897E+17;Héloïse - Chameyrat (19);#5373;Héloïse - Chameyrat (19);#c6b211;https://cdn.discordapp.com/embed/avatars/3.png;21/02/2021;18/02/2021;;Jeunes;@everyone;Club Jeunes de Chameyrat;Jeunes;;;
Sarah CJ de Chameyrat#7571;8,1243E+17;Sarah - Chameyrat (19);#7571;Sarah - Chameyrat (19);#c6b211;https://cdn.discordapp.com/embed/avatars/1.png;21/02/2021;19/02/2021;;Jeunes;@everyone;Club Jeunes de Chameyrat;Jeunes;;;
Oyoelle#7903;2,3113E+17;Elwenn - Châteaubourg (35);#7903;Elwenn - Châteaubourg (35);#31c3d9;https://cdn.discordapp.com/avatars/231129972755005440/e9ab554cbad63aa9f05db435ba3b0bdb.webp?size=1024;05/03/2021;29/09/2016;;Encadrants;@everyone;Club Jeunes de Châteaubourg;Encadrants;;;
Mary-Chateaubourg35#3382;8,26134E+17;Mary - Chateaubourg (35);#3382;Mary - Chateaubourg (35);#31c3d9;https://cdn.discordapp.com/avatars/826134409349955594/671e2179cabbdddd8192ce7ad51b964f.webp?size=1024;29/03/2021;29/03/2021;;Encadrants;@everyone;Club Jeunes de Châteaubourg;Encadrants;;;
Erwan#0084;7,25472E+17;Erwan - Châteaubourg (35);#0084;Erwan - Châteaubourg (35);#31c3d9;https://cdn.discordapp.com/embed/avatars/4.png;06/03/2021;24/06/2020;;Encadrants;@everyone;Club Jeunes de Châteaubourg;Encadrants;;;
Ewen du CJ de Chateaubourg#7758;8,03323E+17;Ewen - Châteaubourg (35);#7758;Ewen - Châteaubourg (35);#c6b211;https://cdn.discordapp.com/embed/avatars/3.png;18/02/2021;25/01/2021;;Jeunes;@everyone;Club Jeunes de Châteaubourg;Jeunes;;;
Marine CJ de Chateaubourg#3546;8,11723E+17;Marine - Châteaubourg (35);#3546;Marine - Châteaubourg (35);#c6b211;https://cdn.discordapp.com/avatars/811723077301174363/15125e433fb9e31c3af23a8e5ae59a76.webp?size=1024;17/02/2021;17/02/2021;;Jeunes;@everyone;Club Jeunes de Châteaubourg;Jeunes;;;
Pauline#8887;3,87908E+17;Pauline - Chateaubourg (35);#8887;Pauline - Chateaubourg (35);#31c3d9;https://cdn.discordapp.com/avatars/387907535019048961/d37e9a937adf3797df492262527f8d60.webp?size=1024;29/03/2021;06/12/2017;;Encadrants;@everyone;Club Jeunes de Châteaubourg;Encadrants;;;
Ragnarock#1491;8,09826E+17;Élodie - Châteaubourg (35);#1491;Élodie - Châteaubourg (35);#31c3d9;https://cdn.discordapp.com/avatars/809826133755428886/c37e45845b813edc5b6e9e39eede863a.webp?size=1024;29/03/2021;12/02/2021;;Encadrants;@everyone;Club Jeunes de Châteaubourg;Encadrants;;;
Romane Chateaubourg#6316;8,17455E+17;Romane - Châteaubourg (35);#6316;Romane - Châteaubourg (35);#4983c4;https://cdn.discordapp.com/avatars/817455331637461033/24bb0f3028ae685881d392acb7d02817.webp?size=1024;05/03/2021;05/03/2021;;Référents;@everyone;Club Jeunes de Châteaubourg;Encadrants;Référents;;
malena#8914;7,74024E+17;Maléna - Cholet (49);#8914;Maléna - Cholet (49);#c6b211;https://cdn.discordapp.com/avatars/774024415859834911/024634bdd5e66b96364bb86d89965332.webp?size=1024;17/02/2021;05/11/2020;;Jeunes;@everyone;Club Jeunes de Cholet;Jeunes;;;
Trinity49#5916;8,18072E+17;Didier - Cholet (49);#5916;Didier - Cholet (49);#31c3d9;https://cdn.discordapp.com/avatars/818072289346191395/0c5f6b00370902efcfd7cc92fbfe5613.webp?size=1024;07/03/2021;07/03/2021;;Encadrants;@everyone;Club Jeunes de Cholet;Encadrants;;;
Anaël CJ de Cluses#7963;7,65295E+17;Anaël - Cluses (74);#7963;Anaël - Cluses (74);#c6b211;https://cdn.discordapp.com/avatars/765294557252157440/40a29440827e41ab7d1f0e22f27a300e.webp?size=1024;17/02/2021;12/10/2020;;Jeunes;@everyone;Club Jeunes de Cluses;Jeunes;;;
Anne sophie Cluses#2450;8,18877E+17;Anne - Cluses (74);#2450;Anne - Cluses (74);#4983c4;https://cdn.discordapp.com/embed/avatars/0.png;09/03/2021;09/03/2021;;Référents;@everyone;Club Jeunes de Cluses;Encadrants;Référents;;
Lucas ²#1486;3,33364E+17;Lucas - Forbach (57);#1486;Lucas - Forbach (57);#c6b211;https://cdn.discordapp.com/avatars/333364261688442890/c39067b52f2605b4b4f5b0c29a4043a5.webp?size=1024;06/03/2021;08/07/2017;;Jeunes;@everyone;Club Jeunes de Forbach;Jeunes;;;
Marine du CJ de la Roche sur Yon#0978;8,21072E+17;Marine - La Roche-sur-Yon (85);#0978;Marine - La Roche-sur-Yon (85);#c6b211;https://cdn.discordapp.com/embed/avatars/3.png;15/03/2021;15/03/2021;;Jeunes;@everyone;Club Jeunes de la Roche-sur-Yon;Jeunes;;;
Maria CJ La Roche sur Yon#7686;8,17494E+17;Maria - La Roche-sur-Yon (85);#7686;Maria - La Roche-sur-Yon (85);#4983c4;https://cdn.discordapp.com/embed/avatars/1.png;05/03/2021;05/03/2021;;Référents;@everyone;Club Jeunes de la Roche-sur-Yon;Encadrants;Référents;;
soizic du CJ de la roche sur yon#8969;8,11577E+17;Soizic - La Roche-sur-Yon (85);#8969;Soizic - La Roche-sur-Yon (85);#c6b211;https://cdn.discordapp.com/embed/avatars/4.png;18/02/2021;17/02/2021;;Jeunes;@everyone;Club Jeunes de la Roche-sur-Yon;Jeunes;;;
MariaF#9993;8,17468E+17;Maria - La Roche-sur-Yon (85);#9993;Maria - La Roche-sur-Yon (85);#4983c4;https://cdn.discordapp.com/embed/avatars/3.png;05/03/2021;05/03/2021;;Référents;@everyone;Club Jeunes de la Roche-sur-Yon;Encadrants;Référents;;
Manon CJ de la Roche sur Yon#0140;8,14843E+17;Manon - La Roche-sur-Yon (85);#0140;Manon - La Roche-sur-Yon (85);#c6b211;https://cdn.discordapp.com/embed/avatars/0.png;02/03/2021;26/02/2021;;Jeunes;@everyone;Club Jeunes de la Roche-sur-Yon;Jeunes;;;
Dragana#8632;8,17495E+17;Dragana - Laon (02);#8632;Dragana - Laon (02);#31c3d9;https://cdn.discordapp.com/embed/avatars/2.png;05/03/2021;05/03/2021;;Encadrants;@everyone;Club Jeunes de Laon;Encadrants;;;
Héléna CJ de Laon#0749;8,14843E+17;Héléna - Laon (02);#0749;Héléna - Laon (02);#c6b211;https://cdn.discordapp.com/embed/avatars/4.png;26/02/2021;26/02/2021;;Jeunes;@everyone;Club Jeunes de Laon;Jeunes;;;
Elsa CJ Lons Le Saunier#3355;8,14555E+17;Elsa - Lons-le-Saunier (39);#3355;Elsa - Lons-le-Saunier (39);#c6b211;https://cdn.discordapp.com/avatars/814554700983566356/b606da54ba3289eef99b838e402f3ea2.webp?size=1024;25/02/2021;25/02/2021;;Jeunes;@everyone;Club Jeunes de Lons-le-Saunier;Jeunes;;;
Cécile Encadrante CJ Luynes (37)#4741;8,17462E+17;Cécile - Luynes (37);#4741;Cécile - Luynes (37);#31c3d9;https://cdn.discordapp.com/avatars/817462125815398411/c5a022284c31c9bad841e0929163f88c.webp?size=1024;05/03/2021;05/03/2021;;Encadrants;@everyone;Club Jeunes de Luynes;Encadrants;;;
Louna CJ de Luynes#1106;8,24269E+17;Louna - Luynes (37);#1106;Louna - Luynes (37);#c6b211;https://cdn.discordapp.com/avatars/824269174246998076/d42fbc3188e7ef71874db2f391b0d6c1.webp?size=1024;24/03/2021;24/03/2021;;Jeunes;@everyone;Club Jeunes de Luynes;Jeunes;;;
Marinette CJ de Luynes#4290;8,17472E+17;Marinette - Luynes (37);#4290;Marinette - Luynes (37);#4983c4;https://cdn.discordapp.com/avatars/817472074028941322/916bb48461f4553e477553f9d5299e7f.webp?size=1024;08/03/2021;05/03/2021;;Référents;@everyone;Club Jeunes de Luynes;Encadrants;Référents;;
Kelly CJ De Luynes#4055;8,13532E+17;Kelly - Luynes (37);#4055;Kelly - Luynes (37);#c6b211;https://cdn.discordapp.com/embed/avatars/0.png;17/03/2021;22/02/2021;;Jeunes;@everyone;Club Jeunes de Luynes;Jeunes;;;
Chloé CJ Luynes#7836;8,24237E+17;Chloé - Luynes (37);#7836;Chloé - Luynes (37);#c6b211;https://cdn.discordapp.com/embed/avatars/1.png;24/03/2021;24/03/2021;;Jeunes;@everyone;Club Jeunes de Luynes;Jeunes;;;
Léandra cj de luynes#3188;8,21767E+17;Léandra - Luynes (37);#3188;Léandra - Luynes (37);#c6b211;https://cdn.discordapp.com/embed/avatars/3.png;17/03/2021;17/03/2021;;Jeunes;@everyone;Club Jeunes de Luynes;Jeunes;;;
Owen du CJ de luyne#3245;8,218E+17;Owen - Luynes (37);#3245;Owen - Luynes (37);#c6b211;https://cdn.discordapp.com/embed/avatars/0.png;18/03/2021;17/03/2021;;Jeunes;@everyone;Club Jeunes de Luynes;Jeunes;;;
Hélène - Encadrante SPA - Millau#0248;6,89875E+17;Hélène - Millau (12);#0248;Hélène - Millau (12);#31c3d9;https://cdn.discordapp.com/embed/avatars/3.png;12/03/2021;18/03/2020;;Encadrants;@everyone;Club Jeunes de Millau;Encadrants;;;
Clementine CJ de Millau#9234;8,14539E+17;Clementine - Millau (12);#9234;Clementine - Millau (12);#c6b211;https://cdn.discordapp.com/embed/avatars/4.png;25/02/2021;25/02/2021;;Jeunes;@everyone;Club Jeunes de Millau;Jeunes;;;
Luna CJ de Millau#7128;8,12338E+17;Luna - Millau (12);#7128;Luna - Millau (12);#c6b211;https://cdn.discordapp.com/embed/avatars/3.png;19/02/2021;19/02/2021;;Jeunes;@everyone;Club Jeunes de Millau;Jeunes;;;
Chiara CJ de Niort#8059;8,1278E+17;Chiara - Niort (79);#8059;Chiara - Niort (79);#c6b211;https://cdn.discordapp.com/avatars/812780108036571136/1b5471691a584fa413c933762e596ed7.webp?size=1024;22/02/2021;20/02/2021;;Jeunes;@everyone;Club Jeunes de Niort;Jeunes;;;
Capucine CJ de Plaisir#2186;8,15284E+17;Capucine - Plaisir (78);#2186;Capucine - Plaisir (78);#c6b211;https://cdn.discordapp.com/embed/avatars/1.png;27/02/2021;27/02/2021;;Jeunes;@everyone;Club Jeunes de Plaisir;Jeunes;;;
Louve#1683;5,69597E+17;Laureline - Plaisir (78);#1683;Laureline - Plaisir (78);#c6b211;https://cdn.discordapp.com/avatars/569597210728071210/82c6be341b053bf8b2b2265eac533d19.webp?size=1024;17/02/2021;21/04/2019;;Jeunes;@everyone;Club Jeunes de Plaisir;Jeunes;;;
YACINE CJ PLAISIR 78#7816;8,12626E+17;Yacine - Plaisir (78);#7816;Yacine - Plaisir (78);#c6b211;https://cdn.discordapp.com/embed/avatars/1.png;20/02/2021;20/02/2021;;Jeunes;@everyone;Club Jeunes de Plaisir;Jeunes;;;
Léane du CJ de Plaisir#1982;8,14861E+17;Léane - Plaisir (78);#1982;Léane - Plaisir (78);#c6b211;https://cdn.discordapp.com/embed/avatars/2.png;26/02/2021;26/02/2021;;Jeunes;@everyone;Club Jeunes de Plaisir;Jeunes;;;
Chantale CJ de Plaisir#3278;8,18084E+17;Chantale - Plaisir (78);#3278;Chantale - Plaisir (78);#31c3d9;https://cdn.discordapp.com/embed/avatars/3.png;07/03/2021;07/03/2021;;Encadrants;@everyone;Club Jeunes de Plaisir;Encadrants;;;
nightfox#9964;6,90509E+17;Esteban - Plaisir (78);#9964;Esteban - Plaisir (78);#c6b211;https://cdn.discordapp.com/avatars/690509463924506626/0fa7418b731938f5b3addbdfbe4a06b2.webp?size=1024;23/02/2021;20/03/2020;;Jeunes;@everyone;Club Jeunes de Plaisir;Jeunes;;;
maelys CJ Pornic#7949;7,7205E+17;Maelys - Pornic (44);#7949;Maelys - Pornic (44);#c6b211;https://cdn.discordapp.com/avatars/772050348592201729/3e0f7bcfb25da7fea17293540b2af084.webp?size=1024;17/02/2021;31/10/2020;;Jeunes;@everyone;Club Jeunes de Pornic;Jeunes;;;
Marywenn Cj Pornic#1346;6,89831E+17;Maryween - Pornic (44);#1346;Maryween - Pornic (44);#c6b211;https://cdn.discordapp.com/avatars/689831329331675143/cbf02ff33e0ddb7411a8a49282751e8b.webp?size=1024;17/03/2021;18/03/2020;;Jeunes;@everyone;Club Jeunes de Pornic;Jeunes;;;
Héloïse CJ de Pornic#6617;7,17309E+17;Héloise - Pornic (44);#6617;Héloise - Pornic (44);#c6b211;https://cdn.discordapp.com/avatars/717309388830015528/8b331376f0287647f1eb49b4b5b9983a.webp?size=1024;17/02/2021;02/06/2020;;Jeunes;@everyone;Club Jeunes de Pornic;Jeunes;;;
Patou#8474;8,24916E+17;Patou - Pornic (44);#8474;Patou - Pornic (44);#4983c4;https://cdn.discordapp.com/embed/avatars/4.png;26/03/2021;26/03/2021;;Référents;@everyone;Club Jeunes de Pornic;Encadrants;Référents;;
titouan de poulainville#6643;8,16647E+17;Titouan - Poulainville (80);#6643;Titouan - Poulainville (80);#c6b211;https://cdn.discordapp.com/embed/avatars/3.png;03/03/2021;03/03/2021;;Jeunes;@everyone;Club Jeunes de Poulainville;Jeunes;;;
Lony cj poulainville#5437;8,16752E+17;Lony - Poulainville (80);#5437;Lony - Poulainville (80);#c6b211;https://cdn.discordapp.com/embed/avatars/2.png;03/03/2021;03/03/2021;;Jeunes;@everyone;Club Jeunes de Poulainville;Jeunes;;;
lony cj poulainville#8400;8,16751E+17;Lony - Poulainville (80);#8400;Lony - Poulainville (80);#c6b211;https://cdn.discordapp.com/embed/avatars/0.png;03/03/2021;03/03/2021;;Jeunes;@everyone;Club Jeunes de Poulainville;Jeunes;;;
Valérie CJ Poulainville#0191;8,21726E+17;Valérie - Poulainville (80);#0191;Valérie - Poulainville (80);#c6b211;https://cdn.discordapp.com/embed/avatars/1.png;17/03/2021;17/03/2021;;Jeunes;@everyone;Club Jeunes de Poulainville;Jeunes;;;
KimieCJduGarric#7403;8,18559E+17;Kimie - Le Garric (81);#7403;Kimie - Le Garric (81);#c6b211;https://cdn.discordapp.com/avatars/818559139415719976/9221bbb88ae26f7a1fad7cc548d23f7d.webp?size=1024;08/03/2021;08/03/2021;;Jeunes;@everyone;Club Jeunes de Puech de Barret - Le Garric;Jeunes;;;
Manonmr#6723;8,23645E+17;Manon - Le Garric (81);#6723;Manon - Le Garric (81);#c6b211;https://cdn.discordapp.com/embed/avatars/3.png;22/03/2021;22/03/2021;;Jeunes;@everyone;Club Jeunes de Puech de Barret - Le Garric;Jeunes;;;
Lola du CJ du Garric#6051;8,25621E+17;Lola - Le Garric (81);#6051;Lola - Le Garric (81);#c6b211;https://cdn.discordapp.com/embed/avatars/1.png;28/03/2021;28/03/2021;;Jeunes;@everyone;Club Jeunes de Puech de Barret - Le Garric;Jeunes;;;
Charlotte du CJ de le Garric#9861;8,18554E+17;Charlotte - Le Garric (81);#9861;Charlotte - Le Garric (81);#c6b211;https://cdn.discordapp.com/avatars/818553720135614496/30fcfa7e5ca487c3a7ca3ce3c450857c.webp?size=1024;08/03/2021;08/03/2021;;Jeunes;@everyone;Club Jeunes de Puech de Barret - Le Garric;Jeunes;;;
Audrey (endadrante 81)#4921;8,17668E+17;Audrey - Le Garric (81);#4921;Audrey - Le Garric (81);#4983c4;https://cdn.discordapp.com/embed/avatars/1.png;06/03/2021;06/03/2021;;Référents;@everyone;Club Jeunes de Puech de Barret - Le Garric;Encadrants;Référents;;
Cédric#6625;2,94201E+17;Cédric - Rennes (35);#6625;Cédric - Rennes (35);#e91e63;https://cdn.discordapp.com/avatars/294200564357791745/6ab935bd837b64502edfb010394ca0de.webp?size=1024;05/03/2021;22/03/2017;;Administrateurs;@everyone;Club Jeunes de Rennes;Encadrants;Référents;Modérateurs;Administrateurs
Lily CJ de Rennes#3212;8,11893E+17;Lily - Rennes (35);#3212;Lily - Rennes (35);#c6b211;https://cdn.discordapp.com/embed/avatars/2.png;18/02/2021;18/02/2021;;Jeunes;@everyone;Club Jeunes de Rennes;Jeunes;;;
Lily CJ de Rennes#0920;8,11688E+17;Lily - Rennes (35);#0920;Lily - Rennes (35);#c6b211;https://cdn.discordapp.com/embed/avatars/0.png;17/02/2021;17/02/2021;;Jeunes;@everyone;Club Jeunes de Rennes;Jeunes;;;
Aiglor009#3918;4,10138E+17;Thomas - Rennes (35);#3918;Thomas - Rennes (35);#c6b211;https://cdn.discordapp.com/avatars/410138084181671938/bcf0ab3426cd1b6c94509301c54e01f9.webp?size=1024;05/03/2021;05/02/2018;;Jeunes;@everyone;Club Jeunes de Rennes;Jeunes;;;
Lily CJ de Rennes#7358;8,11686E+17;Lily - Rennes (35);#7358;Lily - Rennes (35);#c6b211;https://cdn.discordapp.com/embed/avatars/3.png;17/03/2021;17/02/2021;;Jeunes;@everyone;Club Jeunes de Rennes;Jeunes;;;
Lily CJ de Rennes#3091;8,1447E+17;Lily - Rennes (35);#3091;Lily - Rennes (35);#c6b211;https://cdn.discordapp.com/embed/avatars/1.png;25/02/2021;25/02/2021;;Jeunes;@everyone;Club Jeunes de Rennes;Jeunes;;;
Lily CJ de Rennes#3661;8,13425E+17;Lily - Rennes (35);#3661;Lily - Rennes (35);#c6b211;https://cdn.discordapp.com/embed/avatars/1.png;22/02/2021;22/02/2021;;Jeunes;@everyone;Club Jeunes de Rennes;Jeunes;;;
Lorette CJ Saint Pierre du Mont#1730;8,11574E+17;Lorette - SPDM (40);#1730;Lorette - SPDM (40);#c6b211;https://cdn.discordapp.com/avatars/811574480299491338/29b1f145f80cbcf4bcd8400616f9bdd6.webp?size=1024;17/02/2021;17/02/2021;;Jeunes;@everyone;Club Jeunes de Saint Pierre du Mont;Jeunes;;;
Alix CJ SPDM#4012;8,17457E+17;Alix - SPDM (40);#4012;Alix - SPDM (40);#31c3d9;https://cdn.discordapp.com/avatars/817456802983575553/db771a23ffc2e4195307dd67458c56fa.webp?size=1024;05/03/2021;05/03/2021;;Encadrants;@everyone;Club Jeunes de Saint Pierre du Mont;Encadrants;;;
Garance CJ st pierre du mont#7603;7,96103E+17;Garance - SPDM (40);#7603;Garance - SPDM (40);#c6b211;https://cdn.discordapp.com/avatars/796103288646926437/222c012a31523c149a0d154c6d005e6e.webp?size=1024;19/02/2021;05/01/2021;;Jeunes;@everyone;Club Jeunes de Saint Pierre du Mont;Jeunes;;;
Manon Ricaud#6573;6,88448E+17;Manon - SPDM (40);#6573;Manon - SPDM (40);#c6b211;https://cdn.discordapp.com/avatars/688447791437054061/c6d40d06221ada67aaf7c122d08eda2e.webp?size=1024;31/03/2021;14/03/2020;;Jeunes;@everyone;Club Jeunes de Saint Pierre du Mont;Jeunes;;;
Anaïs CJ de Saint Pierre du Mont#1284;6,49283E+17;Anaïs - SPDM (40);#1284;Anaïs - SPDM (40);#c6b211;https://cdn.discordapp.com/avatars/649282683255521305/d539b063d2f85bd04b7449c733628510.webp?size=1024;17/02/2021;27/11/2019;;Jeunes;@everyone;Club Jeunes de Saint Pierre du Mont;Jeunes;;;
Hugo CJ Saint Pierre du Mont#2618;8,11657E+17;Céline - SPDM (40);#2618;Céline - SPDM (40);#4983c4;https://cdn.discordapp.com/embed/avatars/3.png;17/02/2021;17/02/2021;;Référents;@everyone;Club Jeunes de Saint Pierre du Mont;Encadrants;Référents;;
Clémentine CJ SaintPierreDuMont#3516;7,79256E+17;Clémentine - SPDM (40);#3516;Clémentine - SPDM (40);#31c3d9;https://cdn.discordapp.com/avatars/779255638911221790/5253cdee182ccccb13aab66e8ff4f847.webp?size=1024;05/03/2021;20/11/2020;;Encadrants;@everyone;Club Jeunes de Saint Pierre du Mont;Encadrants;;;
Stéph_of28#9983;6,91588E+17;Stéphanie - Saint-Omer (62);#9983;Stéphanie - Saint-Omer (62);#c6b211;https://cdn.discordapp.com/avatars/691588451547480076/d7b8973b54cf2e7bb6ea54e19dc01685.webp?size=1024;17/02/2021;23/03/2020;;Jeunes;@everyone;Club Jeunes de Saint-Omer;Jeunes;;;
Repti#9965;4,39791E+17;Enzo - Saint-Omer (62);#9965;Enzo - Saint-Omer (62);#c6b211;https://cdn.discordapp.com/avatars/439791430651609089/f78134c2e57e7fcdb85c4ba5ed7648f3.webp?size=1024;08/03/2021;28/04/2018;;Jeunes;@everyone;Club Jeunes de Saint-Omer;Jeunes;;;
Valentine#5125;6,94309E+17;Valentine - Saint-Omer (62);#5125;Valentine - Saint-Omer (62);#c6b211;https://cdn.discordapp.com/embed/avatars/0.png;19/03/2021;30/03/2020;;Jeunes;@everyone;Club Jeunes de Saint-Omer;Jeunes;;;
Sylvie CJ St OMER#3410;8,12023E+17;Sylvie - Saint-Omer (62);#3410;Sylvie - Saint-Omer (62);#31c3d9;https://cdn.discordapp.com/avatars/812023228167618601/0ef0316ff1355bd4fe4f567effd9730d.webp?size=1024;05/03/2021;18/02/2021;;Encadrants;@everyone;Club Jeunes de Saint-Omer;Encadrants;;;
lilie CJ Saint omer#3660;7,43881E+17;Lilie - Saint-Omer (62);#3660;Lilie - Saint-Omer (62);#c6b211;https://cdn.discordapp.com/avatars/743880812981911563/5c6f5da776b551d78970947dcc1bfaca.webp?size=1024;14/03/2021;14/08/2020;;Jeunes;@everyone;Club Jeunes de Saint-Omer;Jeunes;;;
lilou#0184;7,83025E+17;Lilou - Saint-Omer (62);#0184;Lilou - Saint-Omer (62);#c6b211;https://cdn.discordapp.com/avatars/783025428431634463/496054e2d64e6213b6fd9b949a8aec29.webp?size=1024;18/02/2021;30/11/2020;;Jeunes;@everyone;Club Jeunes de Saint-Omer;Jeunes;;;
Catherine Fuseau#8144;8,1763E+17;Catherine - SPAT (10);#8144;Catherine - SPAT (10);#4983c4;https://cdn.discordapp.com/embed/avatars/4.png;06/03/2021;06/03/2021;;Référents;@everyone;Club Jeunes de Saint-Parres-aux-Tertres;Encadrants;Référents;;
Alicia CJ de Menois#4015;7,93474E+17;Alicia - SPAT (10);#4015;Alicia - SPAT (10);#c6b211;https://cdn.discordapp.com/embed/avatars/0.png;23/02/2021;29/12/2020;;Jeunes;@everyone;Club Jeunes de Saint-Parres-aux-Tertres;Jeunes;;;
Cathy#7851;6,89473E+17;Cathy - Sarreguemines (57);#7851;Cathy - Sarreguemines (57);#c6b211;https://cdn.discordapp.com/avatars/689473018740998159/70ed2d6bfd667dced6d62c88a0eb4a2b.webp?size=1024;23/02/2021;17/03/2020;;Jeunes;@everyone;Club Jeunes de Sarreguemines;Jeunes;;;
ines Cj thionville#1353;8,19283E+17;Inès - Thionville (57);#1353;Inès - Thionville (57);#c6b211;https://cdn.discordapp.com/embed/avatars/3.png;10/03/2021;10/03/2021;;Jeunes;@everyone;Club Jeunes de Thionville;Jeunes;;;
Stephane (Thionville)#1753;8,17456E+17;Stéphane - Thionville (57);#1753;Stéphane - Thionville (57);#c6b211;https://cdn.discordapp.com/embed/avatars/3.png;05/03/2021;05/03/2021;;Jeunes;@everyone;Club Jeunes de Thionville;Jeunes;;;
caroline enc.CJ Thionville#5118;8,18561E+17;Caroline - Thionville (57);#5118;Caroline - Thionville (57);#31c3d9;https://cdn.discordapp.com/embed/avatars/3.png;08/03/2021;08/03/2021;;Encadrants;@everyone;Club Jeunes de Thionville;Encadrants;;;
sgodefroy#7405;7,39522E+17;Stephane - Thionville (57);#7405;Stephane - Thionville (57);#4983c4;https://cdn.discordapp.com/avatars/739521549132103712/61e5edddf72d399f97022dd113b99a30.webp?size=1024;05/03/2021;02/08/2020;;Référents;@everyone;Club Jeunes de Thionville;Encadrants;Référents;;
Jean DUQUESNOIS#2933;8,17684E+17;Jean - Vallérargues (30);#2933;Jean - Vallérargues (30);#70c14a;https://cdn.discordapp.com/embed/avatars/3.png;06/03/2021;06/03/2021;;Responsables de refuge;@everyone;Club Jeunes de Vallérargues;Responsables de refuge;;;
Ereann cj vaux le penil#2086;8,1917E+17;Ereann - Vaux-le-Pénil (77);#2086;Ereann - Vaux-le-Pénil (77);#c6b211;https://cdn.discordapp.com/embed/avatars/1.png;10/03/2021;10/03/2021;;Jeunes;@everyone;Club Jeunes de Vaux-le-Pénil;Jeunes;;;
jtmfort#1427;6,89816E+17;Lola - Vaux-le-Pénil (77);#1427;Lola - Vaux-le-Pénil (77);#c6b211;https://cdn.discordapp.com/avatars/689815595746590832/11bcf8c750496a0798383d9d56f813fe.webp?size=1024;21/02/2021;18/03/2020;;Jeunes;@everyone;Club Jeunes de Vaux-le-Pénil;Jeunes;;;
erine du CJ de vaux le penil#0120;8,20015E+17;Erine - Vaux-le-Pénil (77);#0120;Erine - Vaux-le-Pénil (77);#c6b211;https://cdn.discordapp.com/embed/avatars/0.png;12/03/2021;12/03/2021;;Jeunes;@everyone;Club Jeunes de Vaux-le-Pénil;Jeunes;;;
Margau CJ de Vaux-le-Pénil#1974;8,11874E+17;Margau - Vaux-le-Pénil (77);#1974;Margau - Vaux-le-Pénil (77);#c6b211;https://cdn.discordapp.com/avatars/811873653066301466/c3fd22d647a78b11c110552daa2e8e2e.webp?size=1024;18/02/2021;18/02/2021;;Jeunes;@everyone;Club Jeunes de Vaux-le-Pénil;Jeunes;;;
Aurore CJ Vaulx le Penil#3737;8,17447E+17;Aurore - Vaux-le-Pénil (77);#3737;Aurore - Vaux-le-Pénil (77);#c6b211;https://cdn.discordapp.com/embed/avatars/2.png;05/03/2021;05/03/2021;;Jeunes;@everyone;Club Jeunes de Vaux-le-Pénil;Jeunes;;;
CarsMyBestCar#1054;5,2674E+17;Thomas - Vaux-le-Pénil (77);#1054;Thomas - Vaux-le-Pénil (77);#c6b211;https://cdn.discordapp.com/avatars/526740097698365440/7ae6a8c947dc40e87729b337e229d3be.webp?size=1024;25/02/2021;24/12/2018;;Jeunes;@everyone;Club Jeunes de Vaux-le-Pénil;Jeunes;;;
Valentin CJ vaux-le-pénil#8476;6,98529E+17;Valentin - Vaux-le-Pénil (77);#8476;Valentin - Vaux-le-Pénil (77);#c6b211;https://cdn.discordapp.com/embed/avatars/1.png;03/03/2021;11/04/2020;;Jeunes;@everyone;Club Jeunes de Vaux-le-Pénil;Jeunes;;;
catherine vitre#6716;8,21333E+17;Catherine - Vitré (35);#6716;Catherine - Vitré (35);#c6b211;https://cdn.discordapp.com/embed/avatars/1.png;16/03/2021;16/03/2021;;Jeunes;@everyone;Club Jeunes de Vitré;Jeunes;;;
Marie-Agnès#5423;6,894E+17;Marie-Agnès - Orgeval (78);#5423;Marie-Agnès - Orgeval (78);#c6b211;https://cdn.discordapp.com/avatars/689400323713794078/f8691b813919dc76c67d2eb17e394419.webp?size=1024;20/02/2021;17/03/2020;;Jeunes;@everyone;Club Jeunes d'Orgeval;Jeunes;;;
Manon CJ orgeval#5414;7,17011E+17;Manon - Orgeval (78);#5414;Manon - Orgeval (78);#c6b211;https://cdn.discordapp.com/embed/avatars/4.png;19/02/2021;01/06/2020;;Jeunes;@everyone;Club Jeunes d'Orgeval;Jeunes;;;
Romain CJ de Yvré l'Évèque#9972;5,73071E+17;Romain - Yvré l'Évêque (72);#9972;Romain - Yvré l'Évêque (72);#c6b211;https://cdn.discordapp.com/avatars/573070802577129473/6fa9068d0cc08c90e1b1dae5b81e64da.webp?size=1024;21/02/2021;01/05/2019;;Jeunes;@everyone;Club Jeunes d'Yvré-l'Evêque;Jeunes;;;
Mathéa.s de Yvré l'éveque 72#3239;8,1242E+17;Mathéa.s - Yvré l'Évêque (72);#3239;Mathéa.s - Yvré l'Évêque (72);#c6b211;https://cdn.discordapp.com/avatars/812420035493625947/1dd59dd87a2e22baed7107d76973b025.webp?size=1024;19/02/2021;19/02/2021;;Jeunes;@everyone;Club Jeunes d'Yvré-l'Evêque;Jeunes;;;
?? ? ???????? ???????? ? ??#7001;6,88137E+17;Timothé - Yvré l'Évêque (72);#7001;Timothé - Yvré l'Évêque (72);#c6b211;https://cdn.discordapp.com/avatars/688137172179615745/c63ad29ef6bf2f406c7ee884fd0892b2.webp?size=1024;19/02/2021;13/03/2020;;Jeunes;@everyone;Club Jeunes d'Yvré-l'Evêque;Jeunes;;;
Clémence#9498;8,1737E+17;Clémence - Yvré l'Évêque (72);#9498;Clémence - Yvré l'Évêque (72);#c6b211;https://cdn.discordapp.com/avatars/817369610051125309/ac04c1ce0e558a950f6afeb3e74012bd.webp?size=1024;05/03/2021;05/03/2021;;Jeunes;@everyone;Club Jeunes d'Yvré-l'Evêque;Jeunes;;;
lily_blk CJ de yvré l'évêque#7445;6,83035E+17;Lily - Yvré l'Évêque (72);#7445;Lily - Yvré l'Évêque (72);#c6b211;https://cdn.discordapp.com/avatars/683034848981680129/3d81720ffd2e1411ab671143bff03747.webp?size=1024;17/02/2021;28/02/2020;;Jeunes;@everyone;Club Jeunes d'Yvré-l'Evêque;Jeunes;;;
Cassou-edn#0209;6,66896E+17;Cassandre - Yvré l'Évêque (72);#0209;Cassandre - Yvré l'Évêque (72);#c6b211;https://cdn.discordapp.com/avatars/666896278021472287/14c2ef8ffb4aaef6c3119990fbb12b12.webp?size=1024;26/03/2021;15/01/2020;;Jeunes;@everyone;Club Jeunes d'Yvré-l'Evêque;Jeunes;;;
sarah kervinio Yvré#5630;8,12399E+17;Sarah - Yvré l'Évêque (72);#5630;Sarah - Yvré l'Évêque (72);#1abc9c;https://cdn.discordapp.com/avatars/812399451427307542/c8fd33b0e948a3f3ab94e21d673b87ac.webp?size=1024;19/02/2021;19/02/2021;;Agents animaliers;@everyone;Club Jeunes d'Yvré-l'Evêque;Encadrants;Référents;Agents animaliers;
Hervé Pierrick#9042;8,17532E+17;Pierrick - Yvré l'Évêque (72);#9042;Pierrick - Yvré l'Évêque (72);#31c3d9;https://cdn.discordapp.com/avatars/817531532180717639/6f9feb2e0ec7bb9b24ff2ded4b1fcbba.webp?size=1024;05/03/2021;05/03/2021;;Encadrants;@everyone;Club Jeunes d'Yvré-l'Evêque;Encadrants;;;
Elina CJ d'Yvré L'Évêque#0489;8,12421E+17;Elina - Yvré l'Évêque (72);#0489;Elina - Yvré l'Évêque (72);#c6b211;https://cdn.discordapp.com/avatars/812420593580244992/77982a1d77fb648aacaac59027dc077f.webp?size=1024;19/02/2021;19/02/2021;;Jeunes;@everyone;Club Jeunes d'Yvré-l'Evêque;Jeunes;;;
zines#9391;5,54701E+17;Ines - Yvré l'Évêque (72);#9391;Ines - Yvré l'Évêque (72);#c6b211;https://cdn.discordapp.com/avatars/554701108786888754/41dccf5f628c07da9fc24b01ec3e6736.webp?size=1024;26/03/2021;11/03/2019;;Jeunes;@everyone;Club Jeunes d'Yvré-l'Evêque;Jeunes;;;
chachou#7048;8,12706E+17;Charlotte - Yvré l'Évêque (72);#7048;Charlotte - Yvré l'Évêque (72);#c6b211;https://cdn.discordapp.com/embed/avatars/3.png;20/02/2021;20/02/2021;;Jeunes;@everyone;Club Jeunes d'Yvré-l'Evêque;Jeunes;;;
léa#3402;7,04237E+17;léa;#3402;;#a84300;https://cdn.discordapp.com/avatars/704237474221654086/93f238746db44ea673a6ad107e5b456d.webp?size=1024;08/03/2021;27/04/2020;;Non présentés;@everyone;Non présentés;;;;
magic-Tim#2385;8,09821E+17;magic-Tim;#2385;;#a84300;https://cdn.discordapp.com/embed/avatars/0.png;20/03/2021;12/02/2021;;Non présentés;@everyone;Non présentés;;;;
Evangéline#9710;7,77227E+17;Evangéline;#9710;;#a84300;https://cdn.discordapp.com/embed/avatars/0.png;22/02/2021;14/11/2020;;Non présentés;@everyone;Non présentés;;;;
Sophie RADIDEAU ROBINE#2033;8,20922E+17;Sophie RADIDEAU ROBINE;#2033;;#a84300;https://cdn.discordapp.com/embed/avatars/3.png;15/03/2021;15/03/2021;;Non présentés;@everyone;Non présentés;;;;
Lena Raimbaud#9590;8,18128E+17;Lena Raimbaud;#9590;;#a84300;https://cdn.discordapp.com/embed/avatars/0.png;07/03/2021;07/03/2021;;Non présentés;@everyone;Non présentés;;;;
Candice#2097;7,77254E+17;Candice;#2097;;#a84300;https://cdn.discordapp.com/embed/avatars/2.png;10/03/2021;14/11/2020;;Non présentés;@everyone;Non présentés;;;;
PPM#8874;8,23524E+17;PPM;#8874;;#a84300;https://cdn.discordapp.com/embed/avatars/4.png;22/03/2021;22/03/2021;;Non présentés;@everyone;Non présentés;;;;
Klervia#3930;8,26181E+17;Klervia;#3930;;#a84300;https://cdn.discordapp.com/embed/avatars/0.png;29/03/2021;29/03/2021;;Non présentés;@everyone;Non présentés;;;;
zines#8670;8,20688E+17;zines;#8670;;#a84300;https://cdn.discordapp.com/embed/avatars/0.png;26/03/2021;14/03/2021;;Non présentés;@everyone;Non présentés;;;;
Elina#3472;8,20389E+17;Elina;#3472;;#a84300;https://cdn.discordapp.com/embed/avatars/2.png;13/03/2021;13/03/2021;;Non présentés;@everyone;Non présentés;;;;
maëlia-j#7916;6,90517E+17;maëlia-j;#7916;;#a84300;https://cdn.discordapp.com/embed/avatars/1.png;10/03/2021;20/03/2020;;Non présentés;@everyone;Non présentés;;;;
Hanna.cnlr#2575;8,14097E+17;Hanna.cnlr;#2575;;#a84300;https://cdn.discordapp.com/embed/avatars/0.png;24/02/2021;24/02/2021;;Non présentés;@everyone;Non présentés;;;;
Lucie mages#6400;7,76447E+17;Lucie mages;#6400;;#a84300;https://cdn.discordapp.com/embed/avatars/0.png;16/03/2021;12/11/2020;;Non présentés;@everyone;Non présentés;;;;
Naïs#5636;8,17717E+17;Naïs;#5636;;#a84300;https://cdn.discordapp.com/embed/avatars/1.png;06/03/2021;06/03/2021;;Non présentés;@everyone;Non présentés;;;;
Kévin DOUANGSAVATH#6501;8,06174E+17;Kévin DOUANGSAVATH;#6501;;#e91e63;https://cdn.discordapp.com/embed/avatars/1.png;02/02/2021;02/02/2021;;Administrateurs;@everyone;Siège de la SPA;Administrateurs;;;
Société Protectrice des Animaux#3238;8,06134E+17;Société Protectrice des Animaux;#3238;;#e91e63;https://cdn.discordapp.com/avatars/806134269557604373/c0826c8b2476bd9118e9b4355a808520.webp?size=1024;02/02/2021;02/02/2021;;Administrateurs;@everyone;Siège de la SPA;Administrateurs;;;
Reale COUCHAUX#6300;8,06174E+17;Reale COUCHAUX;#6300;;#e91e63;https://cdn.discordapp.com/avatars/806174108286451764/f71d3bb083ce0adc414c842e7926d839.webp?size=1024;02/02/2021;02/02/2021;;Administrateurs;@everyone;Siège de la SPA;Encadrants;Administrateurs;;
