,activities,activity,avatar,avatar_url,bot,color,colour,created_at,default_avatar,default_avatar_url,desktop_status,discriminator,display_name,guild,guild_permissions,id,joined_at,mention,mobile_status,name,nick,pending,premium_since,public_flags,raw_status,roles,status,system,top_role,voice,web_status
0,(),,1fc399b03f5483b7f398bc1bac8ab491,https://cdn.discordapp.com/avatars/811574480299491338/1fc399b03f5483b7f398bc1bac8ab491.webp?size=1024,False,#c6b211,#c6b211,2021-02-17 12:27:14.428000,blurple,https://cdn.discordapp.com/embed/avatars/0.png,offline,1730,Lorette - SPDM (40),Clubs Jeunes SPA,<Permissions value=6546775616>,811574480299491338,2021-02-17 12:27:57.248000,<@!811574480299491338>,offline,Lorette CJ Saint Pierre du Mont,Lorette - SPDM (40),False,,<PublicUserFlags value=0>,offline,"[<Role id=806137569116291102 name='@everyone'>, <Role id=820046575609839637 name='Club Jeunes de Saint Pierre du Mont'>, <Role id=819885398540943390 name='Jeunes'>]",offline,False,Jeunes,,offline
1,(),,,https://cdn.discordapp.com/embed/avatars/1.png,False,#c6b211,#c6b211,2021-02-27 18:07:55.355000,grey,https://cdn.discordapp.com/embed/avatars/1.png,offline,2186,Capucine - Plaisir (78),Clubs Jeunes SPA,<Permissions value=6546775616>,815284094417764383,2021-02-27 18:18:27.322000,<@!815284094417764383>,offline,Capucine CJ de Plaisir,Capucine - Plaisir (78),False,,<PublicUserFlags value=0>,offline,"[<Role id=806137569116291102 name='@everyone'>, <Role id=820045810749407293 name='Club Jeunes de Plaisir'>, <Role id=819885398540943390 name='Jeunes'>]",offline,False,Jeunes,,offline
2,(),,6fa9068d0cc08c90e1b1dae5b81e64da,https://cdn.discordapp.com/avatars/573070802577129473/6fa9068d0cc08c90e1b1dae5b81e64da.webp?size=1024,False,#c6b211,#c6b211,2019-05-01 08:58:46.475000,green,https://cdn.discordapp.com/embed/avatars/2.png,offline,9972,Romain - Yvr√© l'√âv√™que (72),Clubs Jeunes SPA,<Permissions value=6546775616>,573070802577129473,2021-02-21 18:40:03.914000,<@!573070802577129473>,offline,Romain CJ de Yvr√© l'√âv√®que,Romain - Yvr√© l'√âv√™que (72),False,,<PublicUserFlags value=0>,offline,"[<Role id=806137569116291102 name='@everyone'>, <Role id=820046088575909898 name=""Club Jeunes d'Yvr√©-l'Ev√™que"">, <Role id=819885398540943390 name='Jeunes'>]",offline,False,Jeunes,,offline
3,(),,,https://cdn.discordapp.com/embed/avatars/2.png,False,#31c3d9,#31c3d9,2021-03-17 20:33:21.302000,green,https://cdn.discordapp.com/embed/avatars/2.png,offline,6857,L√©a - Chamarande (91),Clubs Jeunes SPA,<Permissions value=6546775616>,821843675272970272,2021-03-17 20:39:36.895000,<@!821843675272970272>,offline,Club jeunes Chamarande,L√©a - Chamarande (91),False,,<PublicUserFlags value=0>,offline,"[<Role id=806137569116291102 name='@everyone'>, <Role id=820047099227930654 name='Club Jeunes de Chamarande'>, <Role id=806177522408488970 name='Encadrants'>]",offline,False,Encadrants,,offline
4,(),,d32c40df230166f8036a04288525f63a,https://cdn.discordapp.com/avatars/831266666486562846/d32c40df230166f8036a04288525f63a.webp?size=1024,False,#a84300,#a84300,2021-04-12 20:36:57.478000,grey,https://cdn.discordapp.com/embed/avatars/1.png,offline,2421,lilium,Clubs Jeunes SPA,<Permissions value=6546775616>,831266666486562846,2021-04-12 21:00:24.189000,<@831266666486562846>,offline,lilium,,False,,<PublicUserFlags value=0>,offline,"[<Role id=806137569116291102 name='@everyone'>, <Role id=822524206746304542 name='Non pr√©sent√©s'>]",offline,False,Non pr√©sent√©s,,offline
5,(),,1dd59dd87a2e22baed7107d76973b025,https://cdn.discordapp.com/avatars/812420035493625947/1dd59dd87a2e22baed7107d76973b025.webp?size=1024,False,#c6b211,#c6b211,2021-02-19 20:27:10.496000,red,https://cdn.discordapp.com/embed/avatars/4.png,offline,3239,Math√©a.s - Yvr√© l'√âv√™que (72),Clubs Jeunes SPA,<Permissions value=6546775616>,812420035493625947,2021-02-19 20:28:17.483000,<@!812420035493625947>,offline,Math√©a.s de Yvr√© l'√©veque 72,Math√©a.s - Yvr√© l'√âv√™que (72),False,,<PublicUserFlags value=0>,offline,"[<Role id=806137569116291102 name='@everyone'>, <Role id=820046088575909898 name=""Club Jeunes d'Yvr√©-l'Ev√™que"">, <Role id=819885398540943390 name='Jeunes'>]",offline,False,Jeunes,,offline
6,(),,c63ad29ef6bf2f406c7ee884fd0892b2,https://cdn.discordapp.com/avatars/688137172179615745/c63ad29ef6bf2f406c7ee884fd0892b2.webp?size=1024,False,#c6b211,#c6b211,2020-03-13 21:31:26.818000,grey,https://cdn.discordapp.com/embed/avatars/1.png,offline,7001,Timoth√© - Yvr√© l'√âv√™que (72),Clubs Jeunes SPA,<Permissions value=6546775616>,688137172179615745,2021-02-19 18:37:36.534000,<@!688137172179615745>,offline,üåü „Äå ùîπùïíùïìùï™ ùïòùïöùï£ùïù „Äç üåü,Timoth√© - Yvr√© l'√âv√™que (72),False,,<PublicUserFlags value=64>,offline,"[<Role id=806137569116291102 name='@everyone'>, <Role id=820046088575909898 name=""Club Jeunes d'Yvr√©-l'Ev√™que"">, <Role id=819885398540943390 name='Jeunes'>]",offline,False,Jeunes,,offline
7,(),,82c6be341b053bf8b2b2265eac533d19,https://cdn.discordapp.com/avatars/569597210728071210/82c6be341b053bf8b2b2265eac533d19.webp?size=1024,False,#c6b211,#c6b211,2019-04-21 18:55:57.642000,orange,https://cdn.discordapp.com/embed/avatars/3.png,offline,1683,Laureline - Plaisir (78),Clubs Jeunes SPA,<Permissions value=6546775616>,569597210728071210,2021-02-17 13:17:27.339000,<@!569597210728071210>,online,Louve,Laureline - Plaisir (78),False,,<PublicUserFlags value=0>,online,"[<Role id=806137569116291102 name='@everyone'>, <Role id=820045810749407293 name='Club Jeunes de Plaisir'>, <Role id=819885398540943390 name='Jeunes'>]",online,False,Jeunes,,offline
8,(),,a13e71ff0670baec2d026f2a220b57b7,https://cdn.discordapp.com/avatars/819170497132363799/a13e71ff0670baec2d026f2a220b57b7.webp?size=1024,False,#c6b211,#c6b211,2021-03-10 11:31:05.968000,grey,https://cdn.discordapp.com/embed/avatars/1.png,offline,2086,Ereann - Vaux-le-P√©nil (77),Clubs Jeunes SPA,<Permissions value=6546775616>,819170497132363799,2021-03-10 11:34:22.633000,<@!819170497132363799>,offline,Ereann cj vaux le penil,Ereann - Vaux-le-P√©nil (77),False,,<PublicUserFlags value=0>,offline,"[<Role id=806137569116291102 name='@everyone'>, <Role id=820047150930198538 name='Club Jeunes de Vaux-le-P√©nil'>, <Role id=819885398540943390 name='Jeunes'>]",offline,False,Jeunes,,offline
9,(),,d7b8973b54cf2e7bb6ea54e19dc01685,https://cdn.discordapp.com/avatars/691588451547480076/d7b8973b54cf2e7bb6ea54e19dc01685.webp?size=1024,False,#c6b211,#c6b211,2020-03-23 10:05:35.941000,orange,https://cdn.discordapp.com/embed/avatars/3.png,offline,9983,St√©phanie - Saint-Omer (62),Clubs Jeunes SPA,<Permissions value=6546775616>,691588451547480076,2021-02-17 17:15:47.414000,<@!691588451547480076>,offline,St√©ph_of28,St√©phanie - Saint-Omer (62),False,,<PublicUserFlags value=0>,offline,"[<Role id=806137569116291102 name='@everyone'>, <Role id=820045351683096587 name='Club Jeunes de Saint-Omer'>, <Role id=819885398540943390 name='Jeunes'>]",offline,False,Jeunes,,offline
10,(),,ac1a961158ab3b05e209201d4cbfb25c,https://cdn.discordapp.com/avatars/812289741294534718/ac1a961158ab3b05e209201d4cbfb25c.webp?size=1024,False,#c6b211,#c6b211,2021-02-19 11:49:25.938000,grey,https://cdn.discordapp.com/embed/avatars/1.png,offline,1221,Noelly - Chameyrat (19),Clubs Jeunes SPA,<Permissions value=6546775616>,812289741294534718,2021-02-19 11:51:06.931000,<@!812289741294534718>,offline,Noelly CJ de Chameyrat,Noelly - Chameyrat (19),False,,<PublicUserFlags value=0>,offline,"[<Role id=806137569116291102 name='@everyone'>, <Role id=820046691360309290 name='Club Jeunes de Chameyrat'>, <Role id=819885398540943390 name='Jeunes'>]",offline,False,Jeunes,,offline
11,"(<CustomActivity name='je c pas quoi mettre' emoji=None>,)",je c pas quoi mettre,f78134c2e57e7fcdb85c4ba5ed7648f3,https://cdn.discordapp.com/avatars/439791430651609089/f78134c2e57e7fcdb85c4ba5ed7648f3.webp?size=1024,False,#c6b211,#c6b211,2018-04-28 14:14:07.997000,blurple,https://cdn.discordapp.com/embed/avatars/0.png,offline,9965,Enzo - Saint-Omer (62),Clubs Jeunes SPA,<Permissions value=6546775616>,439791430651609089,2021-03-08 20:08:17.602000,<@!439791430651609089>,dnd,Repti,Enzo - Saint-Omer (62),False,,<PublicUserFlags value=0>,dnd,"[<Role id=806137569116291102 name='@everyone'>, <Role id=820045351683096587 name='Club Jeunes de Saint-Omer'>, <Role id=819885398540943390 name='Jeunes'>]",dnd,False,Jeunes,,offline
12,(),,ac04c1ce0e558a950f6afeb3e74012bd,https://cdn.discordapp.com/avatars/817369610051125309/ac04c1ce0e558a950f6afeb3e74012bd.webp?size=1024,False,#c6b211,#c6b211,2021-03-05 12:15:01.029000,orange,https://cdn.discordapp.com/embed/avatars/3.png,offline,9498,Cl√©mence - Yvr√© l'√âv√™que (72),Clubs Jeunes SPA,<Permissions value=6546775616>,817369610051125309,2021-03-05 12:31:13.335000,<@!817369610051125309>,offline,Cl√©mence,Cl√©mence - Yvr√© l'√âv√™que (72),False,,<PublicUserFlags value=0>,offline,"[<Role id=806137569116291102 name='@everyone'>, <Role id=820046088575909898 name=""Club Jeunes d'Yvr√©-l'Ev√™que"">, <Role id=819885398540943390 name='Jeunes'>]",offline,False,Jeunes,,offline
13,(),,958e38d49a7ef19431af993acba6ec73,https://cdn.discordapp.com/avatars/828949602937864202/958e38d49a7ef19431af993acba6ec73.webp?size=1024,False,#31c3d9,#31c3d9,2021-04-06 11:09:46.479000,red,https://cdn.discordapp.com/embed/avatars/4.png,offline,7869,Anne-Sophie - Forbach (57),Clubs Jeunes SPA,<Permissions value=6546775616>,828949602937864202,2021-04-06 11:12:00.042000,<@828949602937864202>,offline,Anne-Sophie - Forbach (57),,False,,<PublicUserFlags value=0>,offline,"[<Role id=806137569116291102 name='@everyone'>, <Role id=820047545786171423 name='Club Jeunes de Forbach'>, <Role id=806177522408488970 name='Encadrants'>]",offline,False,Encadrants,,offline
14,(),,93f238746db44ea673a6ad107e5b456d,https://cdn.discordapp.com/avatars/704237474221654086/93f238746db44ea673a6ad107e5b456d.webp?size=1024,False,#a84300,#a84300,2020-04-27 07:48:17.954000,green,https://cdn.discordapp.com/embed/avatars/2.png,offline,3402,l√©a,Clubs Jeunes SPA,<Permissions value=6546775616>,704237474221654086,2021-03-08 12:28:33.211000,<@704237474221654086>,offline,l√©a,,False,,<PublicUserFlags value=0>,offline,"[<Role id=806137569116291102 name='@everyone'>, <Role id=822524206746304542 name='Non pr√©sent√©s'>]",offline,False,Non pr√©sent√©s,,offline
15,(),,,https://cdn.discordapp.com/embed/avatars/3.png,False,#c6b211,#c6b211,2021-03-03 12:23:08.551000,orange,https://cdn.discordapp.com/embed/avatars/3.png,offline,6643,Titouan - Poulainville (80),Clubs Jeunes SPA,<Permissions value=6546775616>,816646879135793152,2021-03-03 12:27:14.684000,<@!816646879135793152>,offline,titouan de poulainville,Titouan - Poulainville (80),False,,<PublicUserFlags value=0>,offline,"[<Role id=806137569116291102 name='@everyone'>, <Role id=820045767858585652 name='Club Jeunes de Poulainville'>, <Role id=819885398540943390 name='Jeunes'>]",offline,False,Jeunes,,offline
16,"(<Activity type=<ActivityType.watching: 3> name='2013 servers with 2 shards | ML!help' url=None details=None application_id=None session_id=None emoji=None>,)",<Activity type=<ActivityType.watching: 3> name='2013 servers with 2 shards | ML!help' url=None details=None application_id=None session_id=None emoji=None>,becf96e5bfc3979088f983aaf1bc3ba2,https://cdn.discordapp.com/avatars/674885857458651161/becf96e5bfc3979088f983aaf1bc3ba2.webp?size=1024,True,#e67e22,#e67e22,2020-02-06 07:55:27.191000,green,https://cdn.discordapp.com/embed/avatars/2.png,offline,4997,üê∂Hachik≈ç,Clubs Jeunes SPA,<Permissions value=8589934591>,674885857458651161,2021-03-13 17:20:44.407000,<@!674885857458651161>,offline,MemberList,üê∂Hachik≈ç,False,,<PublicUserFlags value=65536>,online,"[<Role id=806137569116291102 name='@everyone'>, <Role id=820345650432573452 name='MemberList'>, <Role id=822049053054730240 name='Bots'>, <Role id=819885985839448075 name='Mod√©rateurs'>]",online,False,Mod√©rateurs,,online
17,(),,9221bbb88ae26f7a1fad7cc548d23f7d,https://cdn.discordapp.com/avatars/818559139415719976/9221bbb88ae26f7a1fad7cc548d23f7d.webp?size=1024,False,#c6b211,#c6b211,2021-03-08 19:01:46.930000,orange,https://cdn.discordapp.com/embed/avatars/3.png,offline,7403,Kimie - Le Garric (81),Clubs Jeunes SPA,<Permissions value=6546775616>,818559139415719976,2021-03-08 19:03:18.165000,<@!818559139415719976>,offline,KimieCJduGarric,Kimie - Le Garric (81),False,,<PublicUserFlags value=0>,offline,"[<Role id=806137569116291102 name='@everyone'>, <Role id=820046618182156328 name='Club Jeunes de Puech de Barret - Le Garric'>, <Role id=819885398540943390 name='Jeunes'>]",offline,False,Jeunes,,offline
18,(),,e9ab554cbad63aa9f05db435ba3b0bdb,https://cdn.discordapp.com/avatars/231129972755005440/e9ab554cbad63aa9f05db435ba3b0bdb.webp?size=1024,False,#31c3d9,#31c3d9,2016-09-29 19:07:59.692000,orange,https://cdn.discordapp.com/embed/avatars/3.png,offline,7903,Elwenn - Ch√¢teaubourg (35),Clubs Jeunes SPA,<Permissions value=6546775616>,231129972755005440,2021-03-05 17:58:38.751000,<@!231129972755005440>,offline,Oyoelle,Elwenn - Ch√¢teaubourg (35),False,,<PublicUserFlags value=0>,offline,"[<Role id=806137569116291102 name='@everyone'>, <Role id=820045816579489802 name='Club Jeunes de Ch√¢teaubourg'>, <Role id=806177522408488970 name='Encadrants'>]",offline,False,Encadrants,,offline
19,(),,,https://cdn.discordapp.com/embed/avatars/2.png,False,#c6b211,#c6b211,2021-03-03 19:20:16.277000,green,https://cdn.discordapp.com/embed/avatars/2.png,offline,5437,Lony - Poulainville (80),Clubs Jeunes SPA,<Permissions value=6546775616>,816751853026017361,2021-03-03 19:22:12.568000,<@!816751853026017361>,offline,Lony cj poulainville,Lony - Poulainville (80),False,,<PublicUserFlags value=0>,offline,"[<Role id=806137569116291102 name='@everyone'>, <Role id=820045767858585652 name='Club Jeunes de Poulainville'>, <Role id=819885398540943390 name='Jeunes'>]",offline,False,Jeunes,,offline
20,(),,c2be3540ad8ca71c775a8167a9f24378,https://cdn.discordapp.com/avatars/653187728032399391/c2be3540ad8ca71c775a8167a9f24378.webp?size=1024,False,#c6b211,#c6b211,2019-12-08 10:54:50.004000,red,https://cdn.discordapp.com/embed/avatars/4.png,offline,8079,Nathael - Bordeaux (33),Clubs Jeunes SPA,<Permissions value=6546775616>,653187728032399391,2021-02-18 14:40:19.380000,<@!653187728032399391>,offline,ImnotnathaYT,Nathael - Bordeaux (33),False,,<PublicUserFlags value=256>,offline,"[<Role id=806137569116291102 name='@everyone'>, <Role id=820046525182640158 name='Club Jeunes de Bordeaux'>, <Role id=819885398540943390 name='Jeunes'>]",offline,False,Jeunes,,offline
21,(),,,https://cdn.discordapp.com/embed/avatars/3.png,False,#c6b211,#c6b211,2021-03-15 17:27:44.660000,orange,https://cdn.discordapp.com/embed/avatars/3.png,offline,0978,Marine - La Roche-sur-Yon (85),Clubs Jeunes SPA,<Permissions value=6546775616>,821072189080076328,2021-03-15 17:29:17.577000,<@!821072189080076328>,offline,Marine du CJ de la Roche sur Yon,Marine - La Roche-sur-Yon (85),False,,<PublicUserFlags value=0>,offline,"[<Role id=806137569116291102 name='@everyone'>, <Role id=820046430646435851 name='Club Jeunes de la Roche-sur-Yon'>, <Role id=819885398540943390 name='Jeunes'>]",offline,False,Jeunes,,offline
22,(),,098db561f25967f48d00a4bdcdf90132,https://cdn.discordapp.com/avatars/752240686992064693/098db561f25967f48d00a4bdcdf90132.webp?size=1024,False,#c6b211,#c6b211,2020-09-06 18:55:55.735000,grey,https://cdn.discordapp.com/embed/avatars/1.png,offline,9181,Meryam - Forbach (57),Clubs Jeunes SPA,<Permissions value=6546775616>,752240686992064693,2021-04-10 12:48:38.344000,<@!752240686992064693>,offline,Meli melo,Meryam - Forbach (57),False,,<PublicUserFlags value=0>,offline,"[<Role id=806137569116291102 name='@everyone'>, <Role id=820047545786171423 name='Club Jeunes de Forbach'>, <Role id=819885398540943390 name='Jeunes'>]",offline,False,Jeunes,,offline
23,(),,fc83b53b202a1a163a5cfef258462a62,https://cdn.discordapp.com/avatars/834479893030502476/fc83b53b202a1a163a5cfef258462a62.webp?size=1024,False,#31c3d9,#31c3d9,2021-04-21 17:25:10.385000,blurple,https://cdn.discordapp.com/embed/avatars/0.png,offline,7145,jean-marie,Clubs Jeunes SPA,<Permissions value=6546775616>,834479893030502476,2021-04-21 17:29:44.087834,<@834479893030502476>,offline,jean-marie,,False,,<PublicUserFlags value=0>,offline,"[<Role id=806137569116291102 name='@everyone'>, <Role id=820046575609839637 name='Club Jeunes de Saint Pierre du Mont'>, <Role id=806177522408488970 name='Encadrants'>]",offline,False,Encadrants,,offline
24,(),,,https://cdn.discordapp.com/embed/avatars/2.png,False,#31c3d9,#31c3d9,2021-04-04 17:28:52.986000,green,https://cdn.discordapp.com/embed/avatars/2.png,offline,9767,Julie - Luynes (37),Clubs Jeunes SPA,<Permissions value=6546775616>,828320232971829299,2021-04-04 17:33:53.993000,<@!828320232971829299>,offline,julie37,Julie - Luynes (37),False,,<PublicUserFlags value=0>,offline,"[<Role id=806137569116291102 name='@everyone'>, <Role id=820046147368386610 name='Club Jeunes de Luynes'>, <Role id=806177522408488970 name='Encadrants'>]",offline,False,Encadrants,,offline
25,(),,3d81720ffd2e1411ab671143bff03747,https://cdn.discordapp.com/avatars/683034848981680129/3d81720ffd2e1411ab671143bff03747.webp?size=1024,False,#c6b211,#c6b211,2020-02-28 19:36:38.171000,blurple,https://cdn.discordapp.com/embed/avatars/0.png,offline,7445,Lily - Yvr√© l'√âv√™que (72),Clubs Jeunes SPA,<Permissions value=6546775616>,683034848981680129,2021-02-17 14:17:58.795000,<@!683034848981680129>,offline,lily_blk CJ de yvr√© l'√©v√™que,Lily - Yvr√© l'√âv√™que (72),False,,<PublicUserFlags value=0>,offline,"[<Role id=806137569116291102 name='@everyone'>, <Role id=820046088575909898 name=""Club Jeunes d'Yvr√©-l'Ev√™que"">, <Role id=819885398540943390 name='Jeunes'>]",offline,False,Jeunes,,offline
26,(),,ed867f011a5a94733e5f409a688b883a,https://cdn.discordapp.com/avatars/766218397536354335/ed867f011a5a94733e5f409a688b883a.webp?size=1024,False,#c6b211,#c6b211,2020-10-15 08:38:21.622000,orange,https://cdn.discordapp.com/embed/avatars/3.png,offline,2508,Abel - Chamarande (91),Clubs Jeunes SPA,<Permissions value=6546775616>,766218397536354335,2021-03-05 18:00:30.712000,<@!766218397536354335>,offline,Abel_j,Abel - Chamarande (91),False,,<PublicUserFlags value=0>,offline,"[<Role id=806137569116291102 name='@everyone'>, <Role id=820047099227930654 name='Club Jeunes de Chamarande'>, <Role id=819885398540943390 name='Jeunes'>]",offline,False,Jeunes,,offline
27,(),,,https://cdn.discordapp.com/embed/avatars/0.png,False,#a84300,#a84300,2021-02-12 16:19:04.622000,blurple,https://cdn.discordapp.com/embed/avatars/0.png,offline,2385,magic-Tim,Clubs Jeunes SPA,<Permissions value=6546775616>,809820884553826415,2021-03-20 13:51:30.708000,<@809820884553826415>,offline,magic-Tim,,False,,<PublicUserFlags value=0>,offline,"[<Role id=806137569116291102 name='@everyone'>, <Role id=822524206746304542 name='Non pr√©sent√©s'>]",offline,False,Non pr√©sent√©s,,offline
28,(),,f8691b813919dc76c67d2eb17e394419,https://cdn.discordapp.com/avatars/689400323713794078/f8691b813919dc76c67d2eb17e394419.webp?size=1024,False,#c6b211,#c6b211,2020-03-17 09:10:45.612000,orange,https://cdn.discordapp.com/embed/avatars/3.png,offline,5423,Marie-Agn√®s - Orgeval (78),Clubs Jeunes SPA,<Permissions value=6546775616>,689400323713794078,2021-02-20 16:38:30.446000,<@!689400323713794078>,offline,Marie-Agn√®s,Marie-Agn√®s - Orgeval (78),False,,<PublicUserFlags value=0>,offline,"[<Role id=806137569116291102 name='@everyone'>, <Role id=820045727429296128 name=""Club Jeunes d'Orgeval"">, <Role id=819885398540943390 name='Jeunes'>]",offline,False,Jeunes,,offline
29,(),,8011e0a4bdf89f3cc204c7e545341e6d,https://cdn.discordapp.com/avatars/811897434225377280/8011e0a4bdf89f3cc204c7e545341e6d.webp?size=1024,False,#c6b211,#c6b211,2021-02-18 09:50:32.644000,orange,https://cdn.discordapp.com/embed/avatars/3.png,offline,5373,H√©lo√Øse - Chameyrat (19),Clubs Jeunes SPA,<Permissions value=6546775616>,811897434225377280,2021-02-21 19:36:22.752000,<@!811897434225377280>,offline,H√©lo√Øse CJ de Chameyrat,H√©lo√Øse - Chameyrat (19),False,,<PublicUserFlags value=0>,offline,"[<Role id=806137569116291102 name='@everyone'>, <Role id=820046691360309290 name='Club Jeunes de Chameyrat'>, <Role id=819885398540943390 name='Jeunes'>]",offline,False,Jeunes,,offline
30,(),,70ed2d6bfd667dced6d62c88a0eb4a2b,https://cdn.discordapp.com/avatars/689473018740998159/70ed2d6bfd667dced6d62c88a0eb4a2b.webp?size=1024,False,#c6b211,#c6b211,2020-03-17 13:59:37.457000,grey,https://cdn.discordapp.com/embed/avatars/1.png,offline,7851,Cathy - Sarreguemines (57),Clubs Jeunes SPA,<Permissions value=6546775616>,689473018740998159,2021-02-23 17:22:35.050000,<@!689473018740998159>,offline,Cathy,Cathy - Sarreguemines (57),False,,<PublicUserFlags value=0>,offline,"[<Role id=806137569116291102 name='@everyone'>, <Role id=820047442657542154 name='Club Jeunes de Sarreguemines'>, <Role id=819885398540943390 name='Jeunes'>]",offline,False,Jeunes,,offline
31,(),,11bcf8c750496a0798383d9d56f813fe,https://cdn.discordapp.com/avatars/689815595746590832/11bcf8c750496a0798383d9d56f813fe.webp?size=1024,False,#c6b211,#c6b211,2020-03-18 12:40:54.180000,green,https://cdn.discordapp.com/embed/avatars/2.png,offline,1427,Lola - Vaux-le-P√©nil (77),Clubs Jeunes SPA,<Permissions value=6546775616>,689815595746590832,2021-02-21 18:50:15.919000,<@!689815595746590832>,offline,jtmfort,Lola - Vaux-le-P√©nil (77),False,,<PublicUserFlags value=0>,offline,"[<Role id=806137569116291102 name='@everyone'>, <Role id=820047150930198538 name='Club Jeunes de Vaux-le-P√©nil'>, <Role id=819885398540943390 name='Jeunes'>]",offline,False,Jeunes,,offline
32,(),,,https://cdn.discordapp.com/embed/avatars/2.png,False,#c6b211,#c6b211,2021-02-18 09:34:20.467000,green,https://cdn.discordapp.com/embed/avatars/2.png,offline,3212,Lily - Rennes (35),Clubs Jeunes SPA,<Permissions value=6546775616>,811893356618579978,2021-02-18 09:34:50.930000,<@!811893356618579978>,offline,Lily CJ de Rennes,Lily - Rennes (35),False,,<PublicUserFlags value=0>,offline,"[<Role id=806137569116291102 name='@everyone'>, <Role id=820045864483029013 name='Club Jeunes de Rennes'>, <Role id=819885398540943390 name='Jeunes'>]",offline,False,Jeunes,,offline
33,(),,4b07c5687bd965f5444fbb26a2f52d5d,https://cdn.discordapp.com/avatars/812625585276846130/4b07c5687bd965f5444fbb26a2f52d5d.webp?size=1024,False,#c6b211,#c6b211,2021-02-20 10:03:57.383000,grey,https://cdn.discordapp.com/embed/avatars/1.png,offline,7816,Yacine - Plaisir (78),Clubs Jeunes SPA,<Permissions value=6546775616>,812625585276846130,2021-02-20 10:04:59.087000,<@!812625585276846130>,offline,YACINE CJ PLAISIR 78,Yacine - Plaisir (78),False,,<PublicUserFlags value=0>,offline,"[<Role id=806137569116291102 name='@everyone'>, <Role id=820045810749407293 name='Club Jeunes de Plaisir'>, <Role id=819885398540943390 name='Jeunes'>]",offline,False,Jeunes,,offline
34,(),,,https://cdn.discordapp.com/embed/avatars/1.png,False,#c6b211,#c6b211,2021-03-18 10:59:33.284000,grey,https://cdn.discordapp.com/embed/avatars/1.png,offline,4521,Nils - Brian√ßon (05),Clubs Jeunes SPA,<Permissions value=6546775616>,822061661564174348,2021-03-21 17:57:44.296000,<@!822061661564174348>,offline,Nils05100,Nils - Brian√ßon (05),False,,<PublicUserFlags value=0>,offline,"[<Role id=806137569116291102 name='@everyone'>, <Role id=820046807794319440 name='Club Jeunes de Brian√ßon'>, <Role id=819885398540943390 name='Jeunes'>]",offline,False,Jeunes,,offline
35,(),,c39067b52f2605b4b4f5b0c29a4043a5,https://cdn.discordapp.com/avatars/333364261688442890/c39067b52f2605b4b4f5b0c29a4043a5.webp?size=1024,False,#c6b211,#c6b211,2017-07-08 21:50:33.595000,grey,https://cdn.discordapp.com/embed/avatars/1.png,offline,1486,Lucas - Forbach (57),Clubs Jeunes SPA,<Permissions value=6546775616>,333364261688442890,2021-03-06 14:33:39.996000,<@!333364261688442890>,offline,Lucas ¬≤,Lucas - Forbach (57),False,,<PublicUserFlags value=0>,offline,"[<Role id=806137569116291102 name='@everyone'>, <Role id=820047545786171423 name='Club Jeunes de Forbach'>, <Role id=819885398540943390 name='Jeunes'>]",offline,False,Jeunes,,offline
36,(),,,https://cdn.discordapp.com/embed/avatars/0.png,False,#c6b211,#c6b211,2021-02-17 19:58:44.350000,blurple,https://cdn.discordapp.com/embed/avatars/0.png,offline,0920,Lily - Rennes (35),Clubs Jeunes SPA,<Permissions value=6546775616>,811688103668219915,2021-02-17 19:59:03.139000,<@!811688103668219915>,offline,Lily CJ de Rennes,Lily - Rennes (35),False,,<PublicUserFlags value=0>,offline,"[<Role id=806137569116291102 name='@everyone'>, <Role id=820045864483029013 name='Club Jeunes de Rennes'>, <Role id=819885398540943390 name='Jeunes'>]",offline,False,Jeunes,,offline
37,(),,,https://cdn.discordapp.com/embed/avatars/1.png,False,#e91e63,#e91e63,2021-02-02 14:48:40.111000,grey,https://cdn.discordapp.com/embed/avatars/1.png,offline,6501,K√©vin DOUANGSAVATH,Clubs Jeunes SPA,<Permissions value=8589934591>,806174253849378839,2021-02-02 14:49:04.045000,<@806174253849378839>,offline,K√©vin DOUANGSAVATH,,False,,<PublicUserFlags value=0>,offline,"[<Role id=806137569116291102 name='@everyone'>, <Role id=820045936226205738 name='Si√®ge de la SPA'>, <Role id=806175137698545675 name='Administrateurs'>]",offline,False,Administrateurs,,offline
38,(),,1b5471691a584fa413c933762e596ed7,https://cdn.discordapp.com/avatars/812780108036571136/1b5471691a584fa413c933762e596ed7.webp?size=1024,False,#c6b211,#c6b211,2021-02-20 20:17:58.480000,red,https://cdn.discordapp.com/embed/avatars/4.png,offline,8059,Chiara - Niort (79),Clubs Jeunes SPA,<Permissions value=6546775616>,812780108036571136,2021-02-22 18:19:10.715000,<@!812780108036571136>,offline,Chiara CJ de Niort,Chiara - Niort (79),False,,<PublicUserFlags value=0>,offline,"[<Role id=806137569116291102 name='@everyone'>, <Role id=820046481516003349 name='Club Jeunes de Niort'>, <Role id=819885398540943390 name='Jeunes'>]",offline,False,Jeunes,,offline
39,(),,14c2ef8ffb4aaef6c3119990fbb12b12,https://cdn.discordapp.com/avatars/666896278021472287/14c2ef8ffb4aaef6c3119990fbb12b12.webp?size=1024,False,#c6b211,#c6b211,2020-01-15 06:47:43.014000,red,https://cdn.discordapp.com/embed/avatars/4.png,offline,0209,Cassandre - Yvr√© l'√âv√™que (72),Clubs Jeunes SPA,<Permissions value=6546775616>,666896278021472287,2021-03-26 20:02:33.471000,<@!666896278021472287>,offline,Cassou-edn,Cassandre - Yvr√© l'√âv√™que (72),False,,<PublicUserFlags value=0>,offline,"[<Role id=806137569116291102 name='@everyone'>, <Role id=820046088575909898 name=""Club Jeunes d'Yvr√©-l'Ev√™que"">, <Role id=819885398540943390 name='Jeunes'>]",offline,False,Jeunes,,offline
40,(),,024634bdd5e66b96364bb86d89965332,https://cdn.discordapp.com/avatars/774024415859834911/024634bdd5e66b96364bb86d89965332.webp?size=1024,False,#c6b211,#c6b211,2020-11-05 21:36:41.419000,red,https://cdn.discordapp.com/embed/avatars/4.png,offline,8914,Mal√©na - Cholet (49),Clubs Jeunes SPA,<Permissions value=6546775616>,774024415859834911,2021-02-17 15:45:03.372000,<@!774024415859834911>,offline,malena,Mal√©na - Cholet (49),False,,<PublicUserFlags value=0>,offline,"[<Role id=806137569116291102 name='@everyone'>, <Role id=820046315311595540 name='Club Jeunes de Cholet'>, <Role id=819885398540943390 name='Jeunes'>]",offline,False,Jeunes,,offline
41,(),,,https://cdn.discordapp.com/embed/avatars/0.png,False,#c6b211,#c6b211,2020-03-30 22:17:24.018000,blurple,https://cdn.discordapp.com/embed/avatars/0.png,offline,5125,Valentine - Saint-Omer (62),Clubs Jeunes SPA,<Permissions value=6546775616>,694309330429804545,2021-03-19 17:36:39.347000,<@!694309330429804545>,offline,Valentine,Valentine - Saint-Omer (62),False,,<PublicUserFlags value=0>,offline,"[<Role id=806137569116291102 name='@everyone'>, <Role id=820045351683096587 name='Club Jeunes de Saint-Omer'>, <Role id=819885398540943390 name='Jeunes'>]",offline,False,Jeunes,,offline
42,(),,,https://cdn.discordapp.com/embed/avatars/2.png,False,#c6b211,#c6b211,2021-03-06 21:15:13.745000,green,https://cdn.discordapp.com/embed/avatars/2.png,offline,2647,Pauline - Forbach (57),Clubs Jeunes SPA,<Permissions value=6546775616>,817867946701226003,2021-04-10 18:19:33.483000,<@!817867946701226003>,offline,paupau,Pauline - Forbach (57),False,,<PublicUserFlags value=0>,offline,"[<Role id=806137569116291102 name='@everyone'>, <Role id=820047545786171423 name='Club Jeunes de Forbach'>, <Role id=819885398540943390 name='Jeunes'>]",offline,False,Jeunes,,offline
43,(),,,https://cdn.discordapp.com/embed/avatars/1.png,False,#a84300,#a84300,2021-04-15 09:07:43.643000,grey,https://cdn.discordapp.com/embed/avatars/1.png,offline,1946,lilou37,Clubs Jeunes SPA,<Permissions value=6546775616>,832180379527282688,2021-04-15 09:08:13.886000,<@832180379527282688>,offline,lilou37,,False,,<PublicUserFlags value=0>,offline,"[<Role id=806137569116291102 name='@everyone'>, <Role id=822524206746304542 name='Non pr√©sent√©s'>]",offline,False,Non pr√©sent√©s,,offline
44,(),,,https://cdn.discordapp.com/embed/avatars/2.png,False,#c6b211,#c6b211,2021-02-26 14:07:11.726000,green,https://cdn.discordapp.com/embed/avatars/2.png,offline,1982,L√©ane - Plaisir (78),Clubs Jeunes SPA,<Permissions value=6546775616>,814861125580881940,2021-02-26 14:19:29.721000,<@!814861125580881940>,offline,L√©ane du CJ de Plaisir,L√©ane - Plaisir (78),False,,<PublicUserFlags value=0>,offline,"[<Role id=806137569116291102 name='@everyone'>, <Role id=820045810749407293 name='Club Jeunes de Plaisir'>, <Role id=819885398540943390 name='Jeunes'>]",offline,False,Jeunes,,offline
45,(),,5ca3ae6758272a64cda8539a4bd69004,https://cdn.discordapp.com/avatars/771378220809453589/5ca3ae6758272a64cda8539a4bd69004.webp?size=1024,False,#c6b211,#c6b211,2020-10-29 14:21:39.355000,red,https://cdn.discordapp.com/embed/avatars/4.png,offline,5284,Thibault - Cj luynes (37),Clubs Jeunes SPA,<Permissions value=6546775616>,771378220809453589,2021-04-18 15:39:52.675000,<@!771378220809453589>,offline,Dotmazy,Thibault - Cj luynes (37),False,,<PublicUserFlags value=0>,offline,"[<Role id=806137569116291102 name='@everyone'>, <Role id=820046147368386610 name='Club Jeunes de Luynes'>, <Role id=819885398540943390 name='Jeunes'>]",offline,False,Jeunes,,offline
46,"(<Game name='/poll'>,)",/poll,7dbf4eec7a6c1f7f2d3969a5c7008bb9,https://cdn.discordapp.com/avatars/324631108731928587/7dbf4eec7a6c1f7f2d3969a5c7008bb9.webp?size=1024,True,#e67e22,#e67e22,2017-06-14 19:28:07.676000,red,https://cdn.discordapp.com/embed/avatars/4.png,offline,9879,üê∂La√Øka,Clubs Jeunes SPA,<Permissions value=8589934591>,324631108731928587,2021-03-30 21:11:28.896000,<@!324631108731928587>,offline,Simple Poll,üê∂La√Øka,False,,<PublicUserFlags value=65536>,online,"[<Role id=806137569116291102 name='@everyone'>, <Role id=826564311891312693 name='Simple Poll'>, <Role id=822049053054730240 name='Bots'>, <Role id=819885985839448075 name='Mod√©rateurs'>]",online,False,Mod√©rateurs,,online
47,(),,671e2179cabbdddd8192ce7ad51b964f,https://cdn.discordapp.com/avatars/826134409349955594/671e2179cabbdddd8192ce7ad51b964f.webp?size=1024,False,#31c3d9,#31c3d9,2021-03-29 16:43:12.024000,green,https://cdn.discordapp.com/embed/avatars/2.png,offline,3382,Mary - Chateaubourg (35),Clubs Jeunes SPA,<Permissions value=6546775616>,826134409349955594,2021-03-29 16:44:20.775000,<@!826134409349955594>,offline,Mary-Chateaubourg35,Mary - Chateaubourg (35),False,,<PublicUserFlags value=0>,offline,"[<Role id=806137569116291102 name='@everyone'>, <Role id=820045816579489802 name='Club Jeunes de Ch√¢teaubourg'>, <Role id=806177522408488970 name='Encadrants'>]",offline,False,Encadrants,,offline
48,(),,c8fd33b0e948a3f3ab94e21d673b87ac,https://cdn.discordapp.com/avatars/812399451427307542/c8fd33b0e948a3f3ab94e21d673b87ac.webp?size=1024,False,#1abc9c,#1abc9c,2021-02-19 19:05:22.872000,blurple,https://cdn.discordapp.com/embed/avatars/0.png,offline,5630,Sarah - Yvr√© l'√âv√™que (72),Clubs Jeunes SPA,<Permissions value=6546775616>,812399451427307542,2021-02-19 19:07:22.101000,<@!812399451427307542>,offline,sarah kervinio Yvr√©,Sarah - Yvr√© l'√âv√™que (72),False,,<PublicUserFlags value=0>,offline,"[<Role id=806137569116291102 name='@everyone'>, <Role id=820046088575909898 name=""Club Jeunes d'Yvr√©-l'Ev√™que"">, <Role id=806177522408488970 name='Encadrants'>, <Role id=806175699416776744 name='R√©f√©rents'>, <Role id=819928742553321532 name='Agents animaliers'>]",offline,False,Agents animaliers,,offline
49,(),,,https://cdn.discordapp.com/embed/avatars/2.png,False,#31c3d9,#31c3d9,2021-03-05 20:31:40.042000,green,https://cdn.discordapp.com/embed/avatars/2.png,offline,8632,Dragana - Laon (02),Clubs Jeunes SPA,<Permissions value=6546775616>,817494596170416128,2021-03-05 20:36:28.874000,<@!817494596170416128>,offline,Dragana,Dragana - Laon (02),False,,<PublicUserFlags value=0>,offline,"[<Role id=806137569116291102 name='@everyone'>, <Role id=820047249718640661 name='Club Jeunes de Laon'>, <Role id=806177522408488970 name='Encadrants'>]",offline,False,Encadrants,,offline
50,(),,ae2240f242e63cbd7e56c387ca016818,https://cdn.discordapp.com/avatars/791638268247801898/ae2240f242e63cbd7e56c387ca016818.webp?size=1024,False,#c6b211,#c6b211,2020-12-24 12:07:51.078000,red,https://cdn.discordapp.com/embed/avatars/4.png,offline,7764,Lucie - Forbach (57),Clubs Jeunes SPA,<Permissions value=6546775616>,791638268247801898,2021-04-11 12:14:50.690000,<@791638268247801898>,offline,Lucie - Forbach (57),,False,,<PublicUserFlags value=0>,offline,"[<Role id=806137569116291102 name='@everyone'>, <Role id=820047545786171423 name='Club Jeunes de Forbach'>, <Role id=819885398540943390 name='Jeunes'>]",offline,False,Jeunes,,offline
51,(),,,https://cdn.discordapp.com/embed/avatars/0.png,False,#a84300,#a84300,2020-11-14 17:41:59.777000,blurple,https://cdn.discordapp.com/embed/avatars/0.png,offline,9710,Evang√©line,Clubs Jeunes SPA,<Permissions value=6546775616>,777226843963129926,2021-02-22 13:27:12.729000,<@777226843963129926>,offline,Evang√©line,,False,,<PublicUserFlags value=0>,offline,"[<Role id=806137569116291102 name='@everyone'>, <Role id=822524206746304542 name='Non pr√©sent√©s'>]",offline,False,Non pr√©sent√©s,,offline
52,(),,a3190815d9b72d83df3723b680d392e0,https://cdn.discordapp.com/avatars/817462125815398411/a3190815d9b72d83df3723b680d392e0.webp?size=1024,False,#31c3d9,#31c3d9,2021-03-05 18:22:38.506000,grey,https://cdn.discordapp.com/embed/avatars/1.png,offline,4741,C√©cile - Luynes (37),Clubs Jeunes SPA,<Permissions value=6546775616>,817462125815398411,2021-03-05 18:39:54.604000,<@!817462125815398411>,offline,C√©cile Encadrante CJ Luynes (37),C√©cile - Luynes (37),False,,<PublicUserFlags value=0>,offline,"[<Role id=806137569116291102 name='@everyone'>, <Role id=820046147368386610 name='Club Jeunes de Luynes'>, <Role id=806177522408488970 name='Encadrants'>]",offline,False,Encadrants,,offline
53,(),,7b0a1c712b3cfc18b2435dfb21f6a1cc,https://cdn.discordapp.com/avatars/689063301199822971/7b0a1c712b3cfc18b2435dfb21f6a1cc.webp?size=1024,False,#c6b211,#c6b211,2020-03-16 10:51:33.183000,grey,https://cdn.discordapp.com/embed/avatars/1.png,offline,5676,Loane - Chamarande (91),Clubs Jeunes SPA,<Permissions value=6546775616>,689063301199822971,2021-03-09 13:08:47.485000,<@!689063301199822971>,offline,Loane,Loane - Chamarande (91),False,,<PublicUserFlags value=64>,offline,"[<Role id=806137569116291102 name='@everyone'>, <Role id=820047099227930654 name='Club Jeunes de Chamarande'>, <Role id=819885398540943390 name='Jeunes'>]",offline,False,Jeunes,,offline
54,(),,,https://cdn.discordapp.com/embed/avatars/3.png,False,#31c3d9,#31c3d9,2020-03-18 16:37:42.513000,orange,https://cdn.discordapp.com/embed/avatars/3.png,offline,0248,H√©l√®ne - Millau (12),Clubs Jeunes SPA,<Permissions value=6546775616>,689875189814657053,2021-03-12 13:47:33.443000,<@!689875189814657053>,offline,H√©l√®ne - Encadrante SPA - Millau,H√©l√®ne - Millau (12),False,,<PublicUserFlags value=0>,offline,"[<Role id=806137569116291102 name='@everyone'>, <Role id=820046658808578118 name='Club Jeunes de Millau'>, <Role id=806177522408488970 name='Encadrants'>]",offline,False,Encadrants,,offline
55,(),,bcf0ab3426cd1b6c94509301c54e01f9,https://cdn.discordapp.com/avatars/410138084181671938/bcf0ab3426cd1b6c94509301c54e01f9.webp?size=1024,False,#c6b211,#c6b211,2018-02-05 18:22:19.266000,orange,https://cdn.discordapp.com/embed/avatars/3.png,offline,3918,Thomas - Rennes (35),Clubs Jeunes SPA,<Permissions value=6546775616>,410138084181671938,2021-03-05 19:15:02.027000,<@!410138084181671938>,offline,Aiglor009,Thomas - Rennes (35),False,,<PublicUserFlags value=0>,offline,"[<Role id=806137569116291102 name='@everyone'>, <Role id=820045864483029013 name='Club Jeunes de Rennes'>, <Role id=819885398540943390 name='Jeunes'>]",offline,False,Jeunes,,offline
56,(),,d42fbc3188e7ef71874db2f391b0d6c1,https://cdn.discordapp.com/avatars/824269174246998076/d42fbc3188e7ef71874db2f391b0d6c1.webp?size=1024,False,#c6b211,#c6b211,2021-03-24 13:11:25.321000,grey,https://cdn.discordapp.com/embed/avatars/1.png,online,1106,Louna - Luynes (37),Clubs Jeunes SPA,<Permissions value=6546775616>,824269174246998076,2021-03-24 13:13:09.405000,<@!824269174246998076>,offline,Louna CJ de Luynes,Louna - Luynes (37),False,,<PublicUserFlags value=0>,online,"[<Role id=806137569116291102 name='@everyone'>, <Role id=820046147368386610 name='Club Jeunes de Luynes'>, <Role id=819885398540943390 name='Jeunes'>]",online,False,Jeunes,,offline
57,(),,0ef0316ff1355bd4fe4f567effd9730d,https://cdn.discordapp.com/avatars/812023228167618601/0ef0316ff1355bd4fe4f567effd9730d.webp?size=1024,False,#31c3d9,#31c3d9,2021-02-18 18:10:24.257000,blurple,https://cdn.discordapp.com/embed/avatars/0.png,offline,3410,Sylvie - Saint-Omer (62),Clubs Jeunes SPA,<Permissions value=6546775616>,812023228167618601,2021-03-05 20:00:19.993000,<@!812023228167618601>,offline,Sylvie CJ St OMER,Sylvie - Saint-Omer (62),False,,<PublicUserFlags value=0>,offline,"[<Role id=806137569116291102 name='@everyone'>, <Role id=820045351683096587 name='Club Jeunes de Saint-Omer'>, <Role id=806177522408488970 name='Encadrants'>]",offline,False,Encadrants,,offline
58,(),,,https://cdn.discordapp.com/embed/avatars/1.png,False,#c6b211,#c6b211,2021-03-16 10:44:01.434000,grey,https://cdn.discordapp.com/embed/avatars/1.png,offline,6716,Catherine - Vitr√© (35),Clubs Jeunes SPA,<Permissions value=6546775616>,821332977371185152,2021-03-16 10:44:39.729000,<@!821332977371185152>,offline,catherine vitre,Catherine - Vitr√© (35),False,,<PublicUserFlags value=0>,offline,"[<Role id=806137569116291102 name='@everyone'>, <Role id=820045985555152987 name='Club Jeunes de Vitr√©'>, <Role id=819885398540943390 name='Jeunes'>]",offline,False,Jeunes,,offline
59,(),,,https://cdn.discordapp.com/embed/avatars/3.png,False,#c6b211,#c6b211,2021-02-17 19:50:01.260000,orange,https://cdn.discordapp.com/embed/avatars/3.png,offline,7358,Lily - Rennes (35),Clubs Jeunes SPA,<Permissions value=6546775616>,811685909669216287,2021-03-17 12:56:51.207000,<@!811685909669216287>,offline,Lily CJ de Rennes,Lily - Rennes (35),False,,<PublicUserFlags value=0>,offline,"[<Role id=806137569116291102 name='@everyone'>, <Role id=820045864483029013 name='Club Jeunes de Rennes'>, <Role id=819885398540943390 name='Jeunes'>]",offline,False,Jeunes,,offline
60,(),,,https://cdn.discordapp.com/embed/avatars/3.png,False,#a84300,#a84300,2021-03-15 07:29:33.667000,orange,https://cdn.discordapp.com/embed/avatars/3.png,offline,2033,Sophie RADIDEAU ROBINE,Clubs Jeunes SPA,<Permissions value=6546775616>,820921651343785985,2021-03-15 07:30:40.017000,<@820921651343785985>,offline,Sophie RADIDEAU ROBINE,,False,,<PublicUserFlags value=0>,offline,"[<Role id=806137569116291102 name='@everyone'>, <Role id=822524206746304542 name='Non pr√©sent√©s'>]",offline,False,Non pr√©sent√©s,,offline
61,(),,,https://cdn.discordapp.com/embed/avatars/4.png,False,#9b59b6,#9b59b6,2021-03-06 05:31:38.057000,red,https://cdn.discordapp.com/embed/avatars/4.png,offline,8144,Catherine - SPAT (10),Clubs Jeunes SPA,<Permissions value=6546775616>,817630483294060595,2021-03-06 05:32:21.541000,<@!817630483294060595>,offline,Catherine Fuseau,Catherine - SPAT (10),False,,<PublicUserFlags value=0>,offline,"[<Role id=806137569116291102 name='@everyone'>, <Role id=820047036312453140 name='Club Jeunes de Saint-Parres-aux-Tertres'>, <Role id=806177522408488970 name='Encadrants'>, <Role id=806175699416776744 name='R√©f√©rents'>]",offline,False,R√©f√©rents,,offline
62,(),,,https://cdn.discordapp.com/embed/avatars/2.png,False,#a84300,#a84300,2021-04-04 06:18:40.555000,green,https://cdn.discordapp.com/embed/avatars/2.png,offline,6577,bouchon05,Clubs Jeunes SPA,<Permissions value=6546775616>,828151569811111957,2021-04-22 02:43:54.736416,<@828151569811111957>,offline,bouchon05,,False,,<PublicUserFlags value=0>,offline,"[<Role id=806137569116291102 name='@everyone'>, <Role id=822524206746304542 name='Non pr√©sent√©s'>]",offline,False,Non pr√©sent√©s,,offline
63,(),,,https://cdn.discordapp.com/embed/avatars/4.png,False,#c6b211,#c6b211,2021-03-31 18:40:00.810000,red,https://cdn.discordapp.com/embed/avatars/4.png,offline,3104,Laura CJ St Pierre du Mont,Clubs Jeunes SPA,<Permissions value=6546775616>,826888582060179516,2021-04-10 19:31:23.268000,<@826888582060179516>,offline,Laura CJ St Pierre du Mont,,False,,<PublicUserFlags value=0>,offline,"[<Role id=806137569116291102 name='@everyone'>, <Role id=820046575609839637 name='Club Jeunes de Saint Pierre du Mont'>, <Role id=819885398540943390 name='Jeunes'>]",offline,False,Jeunes,,offline
64,(),,,https://cdn.discordapp.com/embed/avatars/0.png,False,#c6b211,#c6b211,2021-03-29 08:18:37.717000,blurple,https://cdn.discordapp.com/embed/avatars/0.png,offline,3125,Cassy - Chamarande (91),Clubs Jeunes SPA,<Permissions value=6546775616>,826007429703532545,2021-03-30 09:17:00.317000,<@!826007429703532545>,offline,Cassy CJ de Chamarande,Cassy - Chamarande (91),False,,<PublicUserFlags value=0>,offline,"[<Role id=806137569116291102 name='@everyone'>, <Role id=820047099227930654 name='Club Jeunes de Chamarande'>, <Role id=819885398540943390 name='Jeunes'>]",offline,False,Jeunes,,offline
65,(),,,https://cdn.discordapp.com/embed/avatars/4.png,False,#31c3d9,#31c3d9,2020-06-24 22:04:53.594000,red,https://cdn.discordapp.com/embed/avatars/4.png,offline,0084,Erwan - Ch√¢teaubourg (35),Clubs Jeunes SPA,<Permissions value=6546775616>,725471539365150867,2021-03-06 00:44:53.121000,<@!725471539365150867>,online,Erwan,Erwan - Ch√¢teaubourg (35),False,,<PublicUserFlags value=0>,online,"[<Role id=806137569116291102 name='@everyone'>, <Role id=820045816579489802 name='Club Jeunes de Ch√¢teaubourg'>, <Role id=806177522408488970 name='Encadrants'>]",online,False,Encadrants,,offline
66,(),,db771a23ffc2e4195307dd67458c56fa,https://cdn.discordapp.com/avatars/817456802983575553/db771a23ffc2e4195307dd67458c56fa.webp?size=1024,False,#31c3d9,#31c3d9,2021-03-05 18:01:29.444000,green,https://cdn.discordapp.com/embed/avatars/2.png,offline,4012,Alix - SPDM (40),Clubs Jeunes SPA,<Permissions value=6546775616>,817456802983575553,2021-03-05 18:01:49.518000,<@!817456802983575553>,offline,Alix CJ SPDM,Alix - SPDM (40),False,,<PublicUserFlags value=0>,offline,"[<Role id=806137569116291102 name='@everyone'>, <Role id=820046575609839637 name='Club Jeunes de Saint Pierre du Mont'>, <Role id=806177522408488970 name='Encadrants'>]",offline,False,Encadrants,,offline
67,(),,3e0f7bcfb25da7fea17293540b2af084,https://cdn.discordapp.com/avatars/772050348592201729/3e0f7bcfb25da7fea17293540b2af084.webp?size=1024,False,#c6b211,#c6b211,2020-10-31 10:52:27.106000,red,https://cdn.discordapp.com/embed/avatars/4.png,offline,7949,Maelys - Pornic (44),Clubs Jeunes SPA,<Permissions value=6546775616>,772050348592201729,2021-02-17 12:59:42.825000,<@!772050348592201729>,offline,maelys CJ Pornic,Maelys - Pornic (44),False,,<PublicUserFlags value=0>,offline,"[<Role id=806137569116291102 name='@everyone'>, <Role id=820046357241790498 name='Club Jeunes de Pornic'>, <Role id=819885398540943390 name='Jeunes'>]",offline,False,Jeunes,,offline
68,(),,916bb48461f4553e477553f9d5299e7f,https://cdn.discordapp.com/avatars/817472074028941322/916bb48461f4553e477553f9d5299e7f.webp?size=1024,False,#9b59b6,#9b59b6,2021-03-05 19:02:10.345000,blurple,https://cdn.discordapp.com/embed/avatars/0.png,offline,4290,Marinette - Luynes (37),Clubs Jeunes SPA,<Permissions value=6546775616>,817472074028941322,2021-03-08 06:26:37.468000,<@!817472074028941322>,online,Marinette CJ de Luynes,Marinette - Luynes (37),False,,<PublicUserFlags value=0>,online,"[<Role id=806137569116291102 name='@everyone'>, <Role id=820046147368386610 name='Club Jeunes de Luynes'>, <Role id=806177522408488970 name='Encadrants'>, <Role id=806175699416776744 name='R√©f√©rents'>]",online,False,R√©f√©rents,,offline
69,(),,17ed2ad8437ec51c723da8f3cb842d85,https://cdn.discordapp.com/avatars/614958426849542157/17ed2ad8437ec51c723da8f3cb842d85.webp?size=1024,False,#c6b211,#c6b211,2019-08-24 23:05:14.336000,orange,https://cdn.discordapp.com/embed/avatars/3.png,offline,3503,Eliott - Brian√ßon (05),Clubs Jeunes SPA,<Permissions value=6546775616>,614958426849542157,2021-03-25 17:56:35.874000,<@!614958426849542157>,offline,Le P'tit Beurre Fou,Eliott - Brian√ßon (05),False,,<PublicUserFlags value=0>,offline,"[<Role id=806137569116291102 name='@everyone'>, <Role id=820046807794319440 name='Club Jeunes de Brian√ßon'>, <Role id=819885398540943390 name='Jeunes'>]",offline,False,Jeunes,,offline
70,(),,,https://cdn.discordapp.com/embed/avatars/3.png,False,#c6b211,#c6b211,2021-03-22 19:51:09.017000,orange,https://cdn.discordapp.com/embed/avatars/3.png,offline,6723,Manon - Le Garric (81),Clubs Jeunes SPA,<Permissions value=6546775616>,823644993427865690,2021-03-22 19:55:31.658000,<@!823644993427865690>,offline,Manonmr,Manon - Le Garric (81),False,,<PublicUserFlags value=0>,offline,"[<Role id=806137569116291102 name='@everyone'>, <Role id=820046618182156328 name='Club Jeunes de Puech de Barret - Le Garric'>, <Role id=819885398540943390 name='Jeunes'>]",offline,False,Jeunes,,offline
71,(),,,https://cdn.discordapp.com/embed/avatars/1.png,False,#31c3d9,#31c3d9,2020-05-22 13:59:55.800000,grey,https://cdn.discordapp.com/embed/avatars/1.png,offline,8951,Justine - Ch√¢teaubourg (35),Clubs Jeunes SPA,<Permissions value=6546775616>,713390694806323312,2021-04-10 10:00:12.696000,<@!713390694806323312>,offline,Justine,Justine - Ch√¢teaubourg (35),False,,<PublicUserFlags value=0>,offline,"[<Role id=806137569116291102 name='@everyone'>, <Role id=820045816579489802 name='Club Jeunes de Ch√¢teaubourg'>, <Role id=806177522408488970 name='Encadrants'>]",offline,False,Encadrants,,offline
72,(),,,https://cdn.discordapp.com/embed/avatars/0.png,False,#c6b211,#c6b211,2021-03-12 19:26:43.004000,blurple,https://cdn.discordapp.com/embed/avatars/0.png,offline,0120,Erine - Vaux-le-P√©nil (77),Clubs Jeunes SPA,<Permissions value=6546775616>,820014965867151370,2021-03-12 19:34:38.373000,<@!820014965867151370>,offline,erine du CJ de vaux le penil,Erine - Vaux-le-P√©nil (77),False,,<PublicUserFlags value=0>,offline,"[<Role id=806137569116291102 name='@everyone'>, <Role id=820047150930198538 name='Club Jeunes de Vaux-le-P√©nil'>, <Role id=819885398540943390 name='Jeunes'>]",offline,False,Jeunes,,offline
73,(),,,https://cdn.discordapp.com/embed/avatars/0.png,False,#c6b211,#c6b211,2021-02-22 22:06:22.512000,blurple,https://cdn.discordapp.com/embed/avatars/0.png,offline,4055,Kelly - Luynes (37),Clubs Jeunes SPA,<Permissions value=6546775616>,813532163655729172,2021-03-17 17:37:01.166000,<@!813532163655729172>,offline,Kelly CJ De Luynes,Kelly - Luynes (37),False,,<PublicUserFlags value=0>,offline,"[<Role id=806137569116291102 name='@everyone'>, <Role id=820046147368386610 name='Club Jeunes de Luynes'>, <Role id=819885398540943390 name='Jeunes'>]",offline,False,Jeunes,,offline
74,(),,,https://cdn.discordapp.com/embed/avatars/4.png,False,#c6b211,#c6b211,2021-02-26 12:56:08.913000,red,https://cdn.discordapp.com/embed/avatars/4.png,offline,0749,H√©l√©na - Laon (02),Clubs Jeunes SPA,<Permissions value=6546775616>,814843246046871604,2021-02-26 13:03:23.200000,<@!814843246046871604>,offline,H√©l√©na CJ de Laon,H√©l√©na - Laon (02),False,,<PublicUserFlags value=0>,offline,"[<Role id=806137569116291102 name='@everyone'>, <Role id=820047249718640661 name='Club Jeunes de Laon'>, <Role id=819885398540943390 name='Jeunes'>]",offline,False,Jeunes,,offline
75,(),,8549b888ef9da5941869ab8b867c01ee,https://cdn.discordapp.com/avatars/723818066932269137/8549b888ef9da5941869ab8b867c01ee.webp?size=1024,False,#c6b211,#c6b211,2020-06-20 08:34:35.046000,orange,https://cdn.discordapp.com/embed/avatars/3.png,offline,0263,Marianne - Luynes (37),Clubs Jeunes SPA,<Permissions value=6546775616>,723818066932269137,2021-04-03 15:52:26.580000,<@!723818066932269137>,offline,Marianne,Marianne - Luynes (37),False,,<PublicUserFlags value=0>,offline,"[<Role id=806137569116291102 name='@everyone'>, <Role id=820046147368386610 name='Club Jeunes de Luynes'>, <Role id=819885398540943390 name='Jeunes'>]",offline,False,Jeunes,,offline
76,(),,,https://cdn.discordapp.com/embed/avatars/4.png,False,#c6b211,#c6b211,2021-02-25 16:49:04.742000,red,https://cdn.discordapp.com/embed/avatars/4.png,offline,9234,Clementine - Millau (12),Clubs Jeunes SPA,<Permissions value=6546775616>,814539477057011762,2021-02-25 19:12:43.473000,<@!814539477057011762>,offline,Clementine CJ de Millau,Clementine - Millau (12),False,,<PublicUserFlags value=0>,offline,"[<Role id=806137569116291102 name='@everyone'>, <Role id=820046658808578118 name='Club Jeunes de Millau'>, <Role id=819885398540943390 name='Jeunes'>]",offline,False,Jeunes,,offline
77,(),,,https://cdn.discordapp.com/embed/avatars/1.png,False,#9b59b6,#9b59b6,2021-03-05 20:31:06.367000,grey,https://cdn.discordapp.com/embed/avatars/1.png,offline,7686,Maria - La Roche-sur-Yon (85),Clubs Jeunes SPA,<Permissions value=6546775616>,817494454927491093,2021-03-05 20:35:07.638000,<@!817494454927491093>,offline,Maria CJ La Roche sur Yon,Maria - La Roche-sur-Yon (85),False,,<PublicUserFlags value=0>,offline,"[<Role id=806137569116291102 name='@everyone'>, <Role id=820046430646435851 name='Club Jeunes de la Roche-sur-Yon'>, <Role id=806177522408488970 name='Encadrants'>, <Role id=806175699416776744 name='R√©f√©rents'>]",offline,False,R√©f√©rents,,offline
78,(),,cbf02ff33e0ddb7411a8a49282751e8b,https://cdn.discordapp.com/avatars/689831329331675143/cbf02ff33e0ddb7411a8a49282751e8b.webp?size=1024,False,#c6b211,#c6b211,2020-03-18 13:43:25.359000,grey,https://cdn.discordapp.com/embed/avatars/1.png,offline,1346,Maryween - Pornic (44),Clubs Jeunes SPA,<Permissions value=6546775616>,689831329331675143,2021-03-17 14:18:53.467000,<@!689831329331675143>,offline,Marywenn.Pornic(44),Maryween - Pornic (44),False,,<PublicUserFlags value=0>,offline,"[<Role id=806137569116291102 name='@everyone'>, <Role id=820046357241790498 name='Club Jeunes de Pornic'>, <Role id=819885398540943390 name='Jeunes'>]",offline,False,Jeunes,,offline
79,(),,226a45523bcf28a2926827cc8fff416d,https://cdn.discordapp.com/avatars/765294557252157440/226a45523bcf28a2926827cc8fff416d.webp?size=1024,False,#c6b211,#c6b211,2020-10-12 19:27:20.934000,orange,https://cdn.discordapp.com/embed/avatars/3.png,offline,7963,Ana√´l - Cluses (74),Clubs Jeunes SPA,<Permissions value=6546775616>,765294557252157440,2021-02-17 16:38:56.328000,<@!765294557252157440>,offline,Ana√´l CJ de Cluses,Ana√´l - Cluses (74),False,,<PublicUserFlags value=0>,offline,"[<Role id=806137569116291102 name='@everyone'>, <Role id=820046871615504414 name='Club Jeunes de Cluses'>, <Role id=819885398540943390 name='Jeunes'>]",offline,False,Jeunes,,offline
80,(),,,https://cdn.discordapp.com/embed/avatars/3.png,False,#31c3d9,#31c3d9,2021-03-07 11:31:49.527000,orange,https://cdn.discordapp.com/embed/avatars/3.png,offline,3278,Chantale - Plaisir (78),Clubs Jeunes SPA,<Permissions value=6546775616>,818083516234989588,2021-03-07 11:32:24.611000,<@!818083516234989588>,offline,Chantale CJ de Plaisir,Chantale - Plaisir (78),False,,<PublicUserFlags value=0>,offline,"[<Role id=806137569116291102 name='@everyone'>, <Role id=820045810749407293 name='Club Jeunes de Plaisir'>, <Role id=806177522408488970 name='Encadrants'>]",offline,False,Encadrants,,offline
81,(),,,https://cdn.discordapp.com/embed/avatars/0.png,False,#a84300,#a84300,2021-03-07 14:29:55.436000,blurple,https://cdn.discordapp.com/embed/avatars/0.png,offline,9590,Lena Raimbaud,Clubs Jeunes SPA,<Permissions value=6546775616>,818128336185196544,2021-03-07 14:30:20.721000,<@818128336185196544>,offline,Lena Raimbaud,,False,,<PublicUserFlags value=0>,offline,"[<Role id=806137569116291102 name='@everyone'>, <Role id=822524206746304542 name='Non pr√©sent√©s'>]",offline,False,Non pr√©sent√©s,,offline
82,(),,222c012a31523c149a0d154c6d005e6e,https://cdn.discordapp.com/avatars/796103288646926437/222c012a31523c149a0d154c6d005e6e.webp?size=1024,False,#c6b211,#c6b211,2021-01-05 19:50:14.897000,orange,https://cdn.discordapp.com/embed/avatars/3.png,dnd,7603,Garance - SPDM (40),Clubs Jeunes SPA,<Permissions value=6546775616>,796103288646926437,2021-02-19 14:28:08.479000,<@!796103288646926437>,offline,Garance,Garance - SPDM (40),False,,<PublicUserFlags value=0>,dnd,"[<Role id=806137569116291102 name='@everyone'>, <Role id=820046575609839637 name='Club Jeunes de Saint Pierre du Mont'>, <Role id=819885398540943390 name='Jeunes'>]",dnd,False,Jeunes,,offline
83,(),,0fa7418b731938f5b3addbdfbe4a06b2,https://cdn.discordapp.com/avatars/690509463924506626/0fa7418b731938f5b3addbdfbe4a06b2.webp?size=1024,False,#c6b211,#c6b211,2020-03-20 10:38:05.245000,red,https://cdn.discordapp.com/embed/avatars/4.png,offline,9964,Esteban - Plaisir (78),Clubs Jeunes SPA,<Permissions value=6546775616>,690509463924506626,2021-02-23 09:27:33.504000,<@!690509463924506626>,offline,nightfox,Esteban - Plaisir (78),False,,<PublicUserFlags value=0>,offline,"[<Role id=806137569116291102 name='@everyone'>, <Role id=820045810749407293 name='Club Jeunes de Plaisir'>, <Role id=819885398540943390 name='Jeunes'>]",offline,False,Jeunes,,offline
84,(),,,https://cdn.discordapp.com/embed/avatars/3.png,False,#c6b211,#c6b211,2021-03-10 18:58:01.595000,orange,https://cdn.discordapp.com/embed/avatars/3.png,offline,1353,In√®s - Thionville (57),Clubs Jeunes SPA,<Permissions value=6546775616>,819282970023559180,2021-03-10 19:00:31.723000,<@!819282970023559180>,offline,ines Cj thionville,In√®s - Thionville (57),False,,<PublicUserFlags value=0>,offline,"[<Role id=806137569116291102 name='@everyone'>, <Role id=820047490451243070 name='Club Jeunes de Thionville'>, <Role id=819885398540943390 name='Jeunes'>]",offline,False,Jeunes,,offline
85,(),,,https://cdn.discordapp.com/embed/avatars/1.png,False,#c6b211,#c6b211,2021-02-25 12:11:16.789000,grey,https://cdn.discordapp.com/embed/avatars/1.png,offline,3091,Lily - Rennes (35),Clubs Jeunes SPA,<Permissions value=6546775616>,814469566595596288,2021-02-25 12:18:22.876000,<@!814469566595596288>,offline,Lily CJ de Rennes,Lily - Rennes (35),False,,<PublicUserFlags value=0>,offline,"[<Role id=806137569116291102 name='@everyone'>, <Role id=820045864483029013 name='Club Jeunes de Rennes'>, <Role id=819885398540943390 name='Jeunes'>]",offline,False,Jeunes,,offline
86,(),,,https://cdn.discordapp.com/embed/avatars/4.png,False,#c6b211,#c6b211,2021-02-17 12:35:35.897000,red,https://cdn.discordapp.com/embed/avatars/4.png,offline,8969,Soizic - La Roche-sur-Yon (85),Clubs Jeunes SPA,<Permissions value=6546775616>,811576583613579324,2021-02-18 05:55:04.850000,<@!811576583613579324>,offline,soizic du CJ de la roche sur yon,Soizic - La Roche-sur-Yon (85),False,,<PublicUserFlags value=0>,offline,"[<Role id=806137569116291102 name='@everyone'>, <Role id=820046430646435851 name='Club Jeunes de la Roche-sur-Yon'>, <Role id=819885398540943390 name='Jeunes'>]",offline,False,Jeunes,,offline
87,(),,8b331376f0287647f1eb49b4b5b9983a,https://cdn.discordapp.com/avatars/717309388830015528/8b331376f0287647f1eb49b4b5b9983a.webp?size=1024,False,#c6b211,#c6b211,2020-06-02 09:31:25.261000,green,https://cdn.discordapp.com/embed/avatars/2.png,offline,6617,H√©loise - Pornic (44),Clubs Jeunes SPA,<Permissions value=6546775616>,717309388830015528,2021-02-17 12:48:38.921000,<@!717309388830015528>,offline,H√©lo√Øse CJ de Pornic,H√©loise - Pornic (44),False,,<PublicUserFlags value=0>,offline,"[<Role id=806137569116291102 name='@everyone'>, <Role id=820046357241790498 name='Club Jeunes de Pornic'>, <Role id=819885398540943390 name='Jeunes'>]",offline,False,Jeunes,,offline
88,(),,,https://cdn.discordapp.com/embed/avatars/4.png,False,#c6b211,#c6b211,2021-03-29 08:17:03.199000,red,https://cdn.discordapp.com/embed/avatars/4.png,offline,6404,Cassy - Chamarande (91),Clubs Jeunes SPA,<Permissions value=6546775616>,826007033266176011,2021-03-29 08:17:37.470000,<@!826007033266176011>,offline,Cassy CJ de Chamarande,Cassy - Chamarande (91),False,,<PublicUserFlags value=0>,offline,"[<Role id=806137569116291102 name='@everyone'>, <Role id=820047099227930654 name='Club Jeunes de Chamarande'>, <Role id=819885398540943390 name='Jeunes'>]",offline,False,Jeunes,,offline
89,(),,,https://cdn.discordapp.com/embed/avatars/1.png,False,#c6b211,#c6b211,2021-03-28 06:44:57.438000,grey,https://cdn.discordapp.com/embed/avatars/1.png,offline,6051,Lola - Le Garric (81),Clubs Jeunes SPA,<Permissions value=6546775616>,825621468679110656,2021-03-28 06:58:55.381000,<@!825621468679110656>,offline,Lola du CJ du Garric,Lola - Le Garric (81),False,,<PublicUserFlags value=0>,offline,"[<Role id=806137569116291102 name='@everyone'>, <Role id=820046618182156328 name='Club Jeunes de Puech de Barret - Le Garric'>, <Role id=819885398540943390 name='Jeunes'>]",offline,False,Jeunes,,offline
90,(),,,https://cdn.discordapp.com/embed/avatars/0.png,False,#c6b211,#c6b211,2020-12-29 13:41:21.004000,blurple,https://cdn.discordapp.com/embed/avatars/0.png,offline,4015,Alicia - SPAT (10),Clubs Jeunes SPA,<Permissions value=6546775616>,793473737310601227,2021-02-23 17:58:43.048000,<@!793473737310601227>,offline,Alicia CJ de Menois,Alicia - SPAT (10),False,,<PublicUserFlags value=0>,offline,"[<Role id=806137569116291102 name='@everyone'>, <Role id=820047036312453140 name='Club Jeunes de Saint-Parres-aux-Tertres'>, <Role id=819885398540943390 name='Jeunes'>]",offline,False,Jeunes,,offline
91,(),,6f9feb2e0ec7bb9b24ff2ded4b1fcbba,https://cdn.discordapp.com/avatars/817531532180717639/6f9feb2e0ec7bb9b24ff2ded4b1fcbba.webp?size=1024,False,#31c3d9,#31c3d9,2021-03-05 22:58:26.273000,green,https://cdn.discordapp.com/embed/avatars/2.png,offline,9042,Pierrick - Yvr√© l'√âv√™que (72),Clubs Jeunes SPA,<Permissions value=6546775616>,817531532180717639,2021-03-05 22:59:56.206000,<@!817531532180717639>,offline,Herv√© Pierrick,Pierrick - Yvr√© l'√âv√™que (72),False,,<PublicUserFlags value=0>,offline,"[<Role id=806137569116291102 name='@everyone'>, <Role id=820046088575909898 name=""Club Jeunes d'Yvr√©-l'Ev√™que"">, <Role id=806177522408488970 name='Encadrants'>]",offline,False,Encadrants,,offline
92,(),,74aeeb98a41309238ae9fca7a9a988ae,https://cdn.discordapp.com/avatars/429294921447637013/74aeeb98a41309238ae9fca7a9a988ae.webp?size=1024,False,#c6b211,#c6b211,2018-03-30 15:04:45.187000,blurple,https://cdn.discordapp.com/embed/avatars/0.png,offline,4125,Cassie - Chamarande (91),Clubs Jeunes SPA,<Permissions value=6546775616>,429294921447637013,2021-02-17 11:50:25.635000,<@!429294921447637013>,offline,Cassie du CJ de Chamarande,Cassie - Chamarande (91),False,,<PublicUserFlags value=0>,offline,"[<Role id=806137569116291102 name='@everyone'>, <Role id=820047099227930654 name='Club Jeunes de Chamarande'>, <Role id=819885398540943390 name='Jeunes'>]",offline,False,Jeunes,,offline
93,(),,b529bef5c8f5aba84c9b29fa12a6caed,https://cdn.discordapp.com/avatars/812420593580244992/b529bef5c8f5aba84c9b29fa12a6caed.webp?size=1024,False,#c6b211,#c6b211,2021-02-19 20:29:23.554000,red,https://cdn.discordapp.com/embed/avatars/4.png,offline,0489,Elina - Yvr√© l'√âv√™que (72),Clubs Jeunes SPA,<Permissions value=6546775616>,812420593580244992,2021-02-19 20:30:32.844000,<@!812420593580244992>,offline,eliinaa_mrz,Elina - Yvr√© l'√âv√™que (72),False,,<PublicUserFlags value=0>,offline,"[<Role id=806137569116291102 name='@everyone'>, <Role id=820046088575909898 name=""Club Jeunes d'Yvr√©-l'Ev√™que"">, <Role id=819885398540943390 name='Jeunes'>]",offline,False,Jeunes,,offline
94,(),,,https://cdn.discordapp.com/embed/avatars/0.png,False,#9b59b6,#9b59b6,2021-03-09 16:04:16.866000,blurple,https://cdn.discordapp.com/embed/avatars/0.png,offline,2450,Anne - Cluses (74),Clubs Jeunes SPA,<Permissions value=6546775616>,818876857675677741,2021-03-09 16:05:15.432000,<@!818876857675677741>,offline,Anne sophie Cluses,Anne - Cluses (74),False,,<PublicUserFlags value=0>,offline,"[<Role id=806137569116291102 name='@everyone'>, <Role id=820046871615504414 name='Club Jeunes de Cluses'>, <Role id=806177522408488970 name='Encadrants'>, <Role id=806175699416776744 name='R√©f√©rents'>]",offline,False,R√©f√©rents,,offline
95,(),,c0826c8b2476bd9118e9b4355a808520,https://cdn.discordapp.com/avatars/806134269557604373/c0826c8b2476bd9118e9b4355a808520.webp?size=1024,False,#e91e63,#e91e63,2021-02-02 12:09:47.113000,orange,https://cdn.discordapp.com/embed/avatars/3.png,offline,3238,Soci√©t√© Protectrice des Animaux,Clubs Jeunes SPA,<Permissions value=8589934591>,806134269557604373,2021-02-02 12:22:53.831000,<@806134269557604373>,offline,Soci√©t√© Protectrice des Animaux,,False,,<PublicUserFlags value=0>,offline,"[<Role id=806137569116291102 name='@everyone'>, <Role id=820045936226205738 name='Si√®ge de la SPA'>, <Role id=806175137698545675 name='Administrateurs'>]",offline,False,Administrateurs,,offline
96,(),,6d11278584560a2da0cd2c01989fec84,https://cdn.discordapp.com/avatars/791637538618998795/6d11278584560a2da0cd2c01989fec84.webp?size=1024,False,#c6b211,#c6b211,2020-12-24 12:04:57.121000,green,https://cdn.discordapp.com/embed/avatars/2.png,offline,2332,Ti√¢a - Forbach (57),Clubs Jeunes SPA,<Permissions value=6546775616>,791637538618998795,2021-04-11 12:01:38.846000,<@!791637538618998795>,offline,Ti√¢a-Forbach (57),Ti√¢a - Forbach (57),False,,<PublicUserFlags value=0>,offline,"[<Role id=806137569116291102 name='@everyone'>, <Role id=820047545786171423 name='Club Jeunes de Forbach'>, <Role id=819885398540943390 name='Jeunes'>]",offline,False,Jeunes,,offline
97,(),,d7e9c593b9c151e923e63961ce78f910,https://cdn.discordapp.com/avatars/812365154184069132/d7e9c593b9c151e923e63961ce78f910.webp?size=1024,False,#c6b211,#c6b211,2021-02-19 16:49:05.772000,grey,https://cdn.discordapp.com/embed/avatars/1.png,offline,1871,Alma - Bordeaux (33),Clubs Jeunes SPA,<Permissions value=6546775616>,812365154184069132,2021-02-19 16:58:20.809000,<@!812365154184069132>,offline,Alma CJ de Bordeaux,Alma - Bordeaux (33),False,,<PublicUserFlags value=0>,offline,"[<Role id=806137569116291102 name='@everyone'>, <Role id=820046525182640158 name='Club Jeunes de Bordeaux'>, <Role id=819885398540943390 name='Jeunes'>]",offline,False,Jeunes,,offline
98,(),,b50adff099924dd5e6b72d13f77eb9d7,https://cdn.discordapp.com/avatars/159985870458322944/b50adff099924dd5e6b72d13f77eb9d7.webp?size=1024,True,#e67e22,#e67e22,2016-03-17 11:26:43.911000,grey,https://cdn.discordapp.com/embed/avatars/1.png,offline,4876,üê±Simon,Clubs Jeunes SPA,<Permissions value=8589934591>,159985870458322944,2021-03-23 10:24:22.339000,<@!159985870458322944>,offline,MEE6,üê±Simon,False,,<PublicUserFlags value=65536>,online,"[<Role id=806137569116291102 name='@everyone'>, <Role id=823864746838851635 name='MEE6'>, <Role id=822049053054730240 name='Bots'>, <Role id=819885985839448075 name='Mod√©rateurs'>]",online,False,Mod√©rateurs,,online
99,(),,f71d3bb083ce0adc414c842e7926d839,https://cdn.discordapp.com/avatars/806174108286451764/f71d3bb083ce0adc414c842e7926d839.webp?size=1024,False,#e91e63,#e91e63,2021-02-02 14:48:05.406000,blurple,https://cdn.discordapp.com/embed/avatars/0.png,offline,6300,Reale COUCHAUX,Clubs Jeunes SPA,<Permissions value=8589934591>,806174108286451764,2021-02-02 14:48:22.362000,<@806174108286451764>,offline,Reale COUCHAUX,,False,,<PublicUserFlags value=0>,offline,"[<Role id=806137569116291102 name='@everyone'>, <Role id=820045936226205738 name='Si√®ge de la SPA'>, <Role id=806177522408488970 name='Encadrants'>, <Role id=806175137698545675 name='Administrateurs'>]",offline,False,Administrateurs,,offline
100,(),,,https://cdn.discordapp.com/embed/avatars/3.png,False,#a84300,#a84300,2021-03-06 07:53:59.570000,orange,https://cdn.discordapp.com/embed/avatars/3.png,offline,2463,Sandrine - Rennes (35),Clubs Jeunes SPA,<Permissions value=6546775616>,817666308996464640,2021-04-17 10:23:32.685000,<@!817666308996464640>,offline,Sandrine CJ Rennes,Sandrine - Rennes (35),False,,<PublicUserFlags value=0>,offline,"[<Role id=806137569116291102 name='@everyone'>, <Role id=822524206746304542 name='Non pr√©sent√©s'>]",offline,False,Non pr√©sent√©s,,offline
101,(),,,https://cdn.discordapp.com/embed/avatars/4.png,False,#9b59b6,#9b59b6,2021-03-26 08:02:05.374000,red,https://cdn.discordapp.com/embed/avatars/4.png,offline,8474,Patou - Pornic (44),Clubs Jeunes SPA,<Permissions value=6546775616>,824916103918387223,2021-03-26 08:06:06.557000,<@!824916103918387223>,offline,Patou,Patou - Pornic (44),False,,<PublicUserFlags value=0>,offline,"[<Role id=806137569116291102 name='@everyone'>, <Role id=820046357241790498 name='Club Jeunes de Pornic'>, <Role id=806177522408488970 name='Encadrants'>, <Role id=806175699416776744 name='R√©f√©rents'>]",offline,False,R√©f√©rents,,offline
102,(),,,https://cdn.discordapp.com/embed/avatars/3.png,False,#70c14a,#70c14a,2021-03-06 09:04:57.077000,orange,https://cdn.discordapp.com/embed/avatars/3.png,offline,2933,Jean - Vall√©rargues (30),Clubs Jeunes SPA,<Permissions value=6546775617>,817684166274842654,2021-03-06 09:05:16.825000,<@!817684166274842654>,offline,Jean DUQUESNOIS,Jean - Vall√©rargues (30),False,,<PublicUserFlags value=0>,offline,"[<Role id=806137569116291102 name='@everyone'>, <Role id=820046720276103169 name='Club Jeunes de Vall√©rargues'>, <Role id=819885446788153344 name='Responsables de refuge'>]",offline,False,Responsables de refuge,,offline
103,(),,,https://cdn.discordapp.com/embed/avatars/1.png,False,#c6b211,#c6b211,2021-03-17 12:45:55.535000,grey,https://cdn.discordapp.com/embed/avatars/1.png,offline,0191,Val√©rie - Poulainville (80),Clubs Jeunes SPA,<Permissions value=6546775616>,821726042800390154,2021-03-17 12:46:37.017000,<@!821726042800390154>,offline,Val√©rie CJ Poulainville,Val√©rie - Poulainville (80),False,,<PublicUserFlags value=0>,offline,"[<Role id=806137569116291102 name='@everyone'>, <Role id=820045767858585652 name='Club Jeunes de Poulainville'>, <Role id=819885398540943390 name='Jeunes'>]",offline,False,Jeunes,,offline
104,(),,,https://cdn.discordapp.com/embed/avatars/2.png,False,#a84300,#a84300,2020-11-14 19:30:37.443000,green,https://cdn.discordapp.com/embed/avatars/2.png,offline,2097,Candice,Clubs Jeunes SPA,<Permissions value=6546775616>,777254181034917928,2021-03-10 18:45:31.350000,<@777254181034917928>,offline,Candice,,False,,<PublicUserFlags value=0>,offline,"[<Role id=806137569116291102 name='@everyone'>, <Role id=822524206746304542 name='Non pr√©sent√©s'>]",offline,False,Non pr√©sent√©s,,offline
105,(),,,https://cdn.discordapp.com/embed/avatars/4.png,False,#a84300,#a84300,2021-03-22 11:51:08.456000,red,https://cdn.discordapp.com/embed/avatars/4.png,offline,8874,PPM,Clubs Jeunes SPA,<Permissions value=6546775616>,823524195119792158,2021-03-22 13:09:39.514000,<@823524195119792158>,offline,PPM,,False,,<PublicUserFlags value=0>,offline,"[<Role id=806137569116291102 name='@everyone'>, <Role id=822524206746304542 name='Non pr√©sent√©s'>]",offline,False,Non pr√©sent√©s,,offline
106,(),,b4058052db07f892f1e225e7f9971a86,https://cdn.discordapp.com/avatars/554701108786888754/b4058052db07f892f1e225e7f9971a86.webp?size=1024,False,#c6b211,#c6b211,2019-03-11 16:24:10.183000,grey,https://cdn.discordapp.com/embed/avatars/1.png,offline,9391,Ines - Yvr√© l'√âv√™que (72),Clubs Jeunes SPA,<Permissions value=6546775616>,554701108786888754,2021-03-26 21:55:46.223000,<@!554701108786888754>,offline,ness,Ines - Yvr√© l'√âv√™que (72),False,,<PublicUserFlags value=0>,offline,"[<Role id=806137569116291102 name='@everyone'>, <Role id=820046088575909898 name=""Club Jeunes d'Yvr√©-l'Ev√™que"">, <Role id=819885398540943390 name='Jeunes'>]",offline,False,Jeunes,,offline
107,(),,6fb2f8b0d4cc598a15b7334c14321b52,https://cdn.discordapp.com/avatars/819231783635648543/6fb2f8b0d4cc598a15b7334c14321b52.webp?size=1024,False,#9b59b6,#9b59b6,2021-03-10 15:34:37.809000,orange,https://cdn.discordapp.com/embed/avatars/3.png,offline,1398,Imogen - Brian√ßon (05),Clubs Jeunes SPA,<Permissions value=6546775616>,819231783635648543,2021-03-10 15:38:07.808000,<@!819231783635648543>,offline,imogen CJ de briancon,Imogen - Brian√ßon (05),False,,<PublicUserFlags value=0>,offline,"[<Role id=806137569116291102 name='@everyone'>, <Role id=820046807794319440 name='Club Jeunes de Brian√ßon'>, <Role id=806177522408488970 name='Encadrants'>, <Role id=806175699416776744 name='R√©f√©rents'>]",offline,False,R√©f√©rents,,offline
108,(),,5c6f5da776b551d78970947dcc1bfaca,https://cdn.discordapp.com/avatars/743880812981911563/5c6f5da776b551d78970947dcc1bfaca.webp?size=1024,False,#c6b211,#c6b211,2020-08-14 17:16:46.452000,blurple,https://cdn.discordapp.com/embed/avatars/0.png,offline,3660,Lilie - Saint-Omer (62),Clubs Jeunes SPA,<Permissions value=6546775616>,743880812981911563,2021-03-14 17:07:34.400000,<@!743880812981911563>,offline,lilie CJ Saint omer,Lilie - Saint-Omer (62),False,,<PublicUserFlags value=0>,offline,"[<Role id=806137569116291102 name='@everyone'>, <Role id=820045351683096587 name='Club Jeunes de Saint-Omer'>, <Role id=819885398540943390 name='Jeunes'>]",offline,False,Jeunes,,offline
109,(),,c6d40d06221ada67aaf7c122d08eda2e,https://cdn.discordapp.com/avatars/688447791437054061/c6d40d06221ada67aaf7c122d08eda2e.webp?size=1024,False,#c6b211,#c6b211,2020-03-14 18:05:44.220000,orange,https://cdn.discordapp.com/embed/avatars/3.png,offline,6573,Manon - SPDM (40),Clubs Jeunes SPA,<Permissions value=6546775616>,688447791437054061,2021-03-31 15:50:54.307000,<@!688447791437054061>,offline,Manon Ricaud,Manon - SPDM (40),False,,<PublicUserFlags value=0>,offline,"[<Role id=806137569116291102 name='@everyone'>, <Role id=820046575609839637 name='Club Jeunes de Saint Pierre du Mont'>, <Role id=819885398540943390 name='Jeunes'>]",offline,False,Jeunes,,offline
110,(),,d539b063d2f85bd04b7449c733628510,https://cdn.discordapp.com/avatars/649282683255521305/d539b063d2f85bd04b7449c733628510.webp?size=1024,False,#c6b211,#c6b211,2019-11-27 16:17:34.777000,red,https://cdn.discordapp.com/embed/avatars/4.png,offline,1284,Ana√Øs - SPDM (40),Clubs Jeunes SPA,<Permissions value=6546775616>,649282683255521305,2021-02-17 12:23:28.847000,<@!649282683255521305>,offline,Ana√Øs CJ de Saint Pierre du Mont,Ana√Øs - SPDM (40),False,,<PublicUserFlags value=0>,offline,"[<Role id=806137569116291102 name='@everyone'>, <Role id=820046575609839637 name='Club Jeunes de Saint Pierre du Mont'>, <Role id=819885398540943390 name='Jeunes'>]",offline,False,Jeunes,,offline
111,(),,,https://cdn.discordapp.com/embed/avatars/0.png,False,#a84300,#a84300,2021-03-29 19:49:12.752000,blurple,https://cdn.discordapp.com/embed/avatars/0.png,offline,3930,Klervia,Clubs Jeunes SPA,<Permissions value=6546775616>,826181220836704286,2021-03-29 19:50:01.644000,<@826181220836704286>,offline,Klervia,,False,,<PublicUserFlags value=0>,offline,"[<Role id=806137569116291102 name='@everyone'>, <Role id=822524206746304542 name='Non pr√©sent√©s'>]",offline,False,Non pr√©sent√©s,,offline
112,(),,c3fd22d647a78b11c110552daa2e8e2e,https://cdn.discordapp.com/avatars/811873653066301466/c3fd22d647a78b11c110552daa2e8e2e.webp?size=1024,False,#c6b211,#c6b211,2021-02-18 08:16:02.774000,red,https://cdn.discordapp.com/embed/avatars/4.png,offline,1974,Margau - Vaux-le-P√©nil (77),Clubs Jeunes SPA,<Permissions value=6546775616>,811873653066301466,2021-02-18 08:17:11.026000,<@!811873653066301466>,offline,Margau CJ de Vaux-le-P√©nil,Margau - Vaux-le-P√©nil (77),False,,<PublicUserFlags value=0>,offline,"[<Role id=806137569116291102 name='@everyone'>, <Role id=820047150930198538 name='Club Jeunes de Vaux-le-P√©nil'>, <Role id=819885398540943390 name='Jeunes'>]",offline,False,Jeunes,,offline
113,"(<CustomActivity name='Bonjour' emoji=None>,)",Bonjour,7a01846060522a68d85093a2401e5dba,https://cdn.discordapp.com/avatars/803322855290437703/7a01846060522a68d85093a2401e5dba.webp?size=1024,False,#c6b211,#c6b211,2021-01-25 17:58:13.718000,orange,https://cdn.discordapp.com/embed/avatars/3.png,offline,7758,Ewen - Ch√¢teaubourg (35),Clubs Jeunes SPA,<Permissions value=6546775616>,803322855290437703,2021-02-18 12:30:02.178000,<@!803322855290437703>,online,Ewen du CJ de Chateaubourg,Ewen - Ch√¢teaubourg (35),False,,<PublicUserFlags value=0>,online,"[<Role id=806137569116291102 name='@everyone'>, <Role id=820045816579489802 name='Club Jeunes de Ch√¢teaubourg'>, <Role id=819885398540943390 name='Jeunes'>]",online,False,Jeunes,,offline
114,(),,0c5f6b00370902efcfd7cc92fbfe5613,https://cdn.discordapp.com/avatars/818072289346191395/0c5f6b00370902efcfd7cc92fbfe5613.webp?size=1024,False,#31c3d9,#31c3d9,2021-03-07 10:47:12.828000,grey,https://cdn.discordapp.com/embed/avatars/1.png,offline,5916,Didier - Cholet (49),Clubs Jeunes SPA,<Permissions value=6546775616>,818072289346191395,2021-03-07 10:51:11.976000,<@!818072289346191395>,offline,Trinity49,Didier - Cholet (49),False,,<PublicUserFlags value=0>,offline,"[<Role id=806137569116291102 name='@everyone'>, <Role id=820046315311595540 name='Club Jeunes de Cholet'>, <Role id=806177522408488970 name='Encadrants'>]",offline,False,Encadrants,,offline
115,(),,30fcfa7e5ca487c3a7ca3ce3c450857c,https://cdn.discordapp.com/avatars/818553720135614496/30fcfa7e5ca487c3a7ca3ce3c450857c.webp?size=1024,False,#c6b211,#c6b211,2021-03-08 18:40:14.873000,grey,https://cdn.discordapp.com/embed/avatars/1.png,offline,9861,Charlotte - Le Garric (81),Clubs Jeunes SPA,<Permissions value=6546775616>,818553720135614496,2021-03-08 19:34:06.505000,<@!818553720135614496>,offline,Charlotte du CJ de le Garric,Charlotte - Le Garric (81),False,,<PublicUserFlags value=0>,offline,"[<Role id=806137569116291102 name='@everyone'>, <Role id=820046618182156328 name='Club Jeunes de Puech de Barret - Le Garric'>, <Role id=819885398540943390 name='Jeunes'>]",offline,False,Jeunes,,offline
116,(),,,https://cdn.discordapp.com/embed/avatars/3.png,False,#9b59b6,#9b59b6,2021-02-17 17:54:04.240000,orange,https://cdn.discordapp.com/embed/avatars/3.png,offline,2618,C√©line - SPDM (40),Clubs Jeunes SPA,<Permissions value=6546775616>,811656729812664370,2021-02-17 17:55:42.279000,<@!811656729812664370>,offline,Hugo CJ Saint Pierre du Mont,C√©line - SPDM (40),False,,<PublicUserFlags value=0>,offline,"[<Role id=806137569116291102 name='@everyone'>, <Role id=820046575609839637 name='Club Jeunes de Saint Pierre du Mont'>, <Role id=806177522408488970 name='Encadrants'>, <Role id=806175699416776744 name='R√©f√©rents'>]",offline,False,R√©f√©rents,,offline
117,(),,15125e433fb9e31c3af23a8e5ae59a76,https://cdn.discordapp.com/avatars/811723077301174363/15125e433fb9e31c3af23a8e5ae59a76.webp?size=1024,False,#c6b211,#c6b211,2021-02-17 22:17:42.714000,grey,https://cdn.discordapp.com/embed/avatars/1.png,offline,3546,Marine - Ch√¢teaubourg (35),Clubs Jeunes SPA,<Permissions value=6546775616>,811723077301174363,2021-02-17 22:18:58.666000,<@!811723077301174363>,offline,Marine CJ de Chateaubourg,Marine - Ch√¢teaubourg (35),False,,<PublicUserFlags value=0>,offline,"[<Role id=806137569116291102 name='@everyone'>, <Role id=820045816579489802 name='Club Jeunes de Ch√¢teaubourg'>, <Role id=819885398540943390 name='Jeunes'>]",offline,False,Jeunes,,offline
118,(),,,https://cdn.discordapp.com/embed/avatars/4.png,False,#c6b211,#c6b211,2020-06-01 13:44:31.608000,red,https://cdn.discordapp.com/embed/avatars/4.png,offline,5414,Manon - Orgeval (78),Clubs Jeunes SPA,<Permissions value=6546775616>,717010697120120862,2021-02-19 12:29:21.857000,<@!717010697120120862>,offline,Manon CJ orgeval,Manon - Orgeval (78),False,,<PublicUserFlags value=0>,offline,"[<Role id=806137569116291102 name='@everyone'>, <Role id=820045727429296128 name=""Club Jeunes d'Orgeval"">, <Role id=819885398540943390 name='Jeunes'>]",offline,False,Jeunes,,offline
119,(),,,https://cdn.discordapp.com/embed/avatars/3.png,False,#9b59b6,#9b59b6,2021-03-05 18:46:06.804000,orange,https://cdn.discordapp.com/embed/avatars/3.png,offline,9993,Maria - La Roche-sur-Yon (85),Clubs Jeunes SPA,<Permissions value=6546775616>,817468032645070909,2021-03-05 20:22:42.833000,<@!817468032645070909>,offline,MariaF,Maria - La Roche-sur-Yon (85),False,,<PublicUserFlags value=0>,offline,"[<Role id=806137569116291102 name='@everyone'>, <Role id=820046430646435851 name='Club Jeunes de la Roche-sur-Yon'>, <Role id=806177522408488970 name='Encadrants'>, <Role id=806175699416776744 name='R√©f√©rents'>]",offline,False,R√©f√©rents,,offline
120,(),,,https://cdn.discordapp.com/embed/avatars/0.png,False,#a84300,#a84300,2021-03-14 16:00:07.133000,blurple,https://cdn.discordapp.com/embed/avatars/0.png,offline,8670,zines,Clubs Jeunes SPA,<Permissions value=6546775616>,820687749546901539,2021-03-26 21:50:23.801000,<@820687749546901539>,offline,zines,,False,,<PublicUserFlags value=0>,offline,"[<Role id=806137569116291102 name='@everyone'>, <Role id=822524206746304542 name='Non pr√©sent√©s'>]",offline,False,Non pr√©sent√©s,,offline
121,(),,d37e9a937adf3797df492262527f8d60,https://cdn.discordapp.com/avatars/387907535019048961/d37e9a937adf3797df492262527f8d60.webp?size=1024,False,#31c3d9,#31c3d9,2017-12-06 10:06:03.322000,green,https://cdn.discordapp.com/embed/avatars/2.png,offline,8887,Pauline - Chateaubourg (35),Clubs Jeunes SPA,<Permissions value=6546775616>,387907535019048961,2021-03-29 18:30:10.887000,<@!387907535019048961>,offline,Pauline,Pauline - Chateaubourg (35),False,,<PublicUserFlags value=0>,offline,"[<Role id=806137569116291102 name='@everyone'>, <Role id=820045816579489802 name='Club Jeunes de Ch√¢teaubourg'>, <Role id=806177522408488970 name='Encadrants'>]",offline,False,Encadrants,,offline
122,(),,917995aa2811ac9649b4be863d25b14a,https://cdn.discordapp.com/avatars/783025428431634463/917995aa2811ac9649b4be863d25b14a.webp?size=1024,False,#c6b211,#c6b211,2020-11-30 17:43:30.047000,red,https://cdn.discordapp.com/embed/avatars/4.png,offline,0184,Lilou - Saint-Omer (62),Clubs Jeunes SPA,<Permissions value=6546775616>,783025428431634463,2021-02-18 05:46:41.029000,<@!783025428431634463>,offline,lilou,Lilou - Saint-Omer (62),False,,<PublicUserFlags value=0>,offline,"[<Role id=806137569116291102 name='@everyone'>, <Role id=820045351683096587 name='Club Jeunes de Saint-Omer'>, <Role id=819885398540943390 name='Jeunes'>]",offline,False,Jeunes,,offline
123,(),,,https://cdn.discordapp.com/embed/avatars/0.png,False,#c6b211,#c6b211,2021-02-26 12:56:41.297000,blurple,https://cdn.discordapp.com/embed/avatars/0.png,offline,0140,Manon - La Roche-sur-Yon (85),Clubs Jeunes SPA,<Permissions value=6546775616>,814843381876129834,2021-03-02 09:20:46.002000,<@!814843381876129834>,offline,Manon CJ de la Roche sur Yon,Manon - La Roche-sur-Yon (85),False,,<PublicUserFlags value=0>,offline,"[<Role id=806137569116291102 name='@everyone'>, <Role id=820046430646435851 name='Club Jeunes de la Roche-sur-Yon'>, <Role id=819885398540943390 name='Jeunes'>]",offline,False,Jeunes,,offline
124,(),,,https://cdn.discordapp.com/embed/avatars/3.png,False,#c6b211,#c6b211,2021-02-19 15:00:23.959000,orange,https://cdn.discordapp.com/embed/avatars/3.png,offline,7128,Luna - Millau (12),Clubs Jeunes SPA,<Permissions value=6546775616>,812337799717584961,2021-02-19 15:04:10.389000,<@!812337799717584961>,offline,Luna CJ de Millau,Luna - Millau (12),False,,<PublicUserFlags value=0>,offline,"[<Role id=806137569116291102 name='@everyone'>, <Role id=820046658808578118 name='Club Jeunes de Millau'>, <Role id=819885398540943390 name='Jeunes'>]",offline,False,Jeunes,,offline
125,(),,,https://cdn.discordapp.com/embed/avatars/2.png,False,#c6b211,#c6b211,2021-03-05 17:22:18.043000,green,https://cdn.discordapp.com/embed/avatars/2.png,offline,3737,Aurore - Vaux-le-P√©nil (77),Clubs Jeunes SPA,<Permissions value=6546775616>,817446940492562443,2021-03-05 17:27:11.792000,<@!817446940492562443>,offline,Aurore CJ Vaulx le Penil,Aurore - Vaux-le-P√©nil (77),False,,<PublicUserFlags value=0>,offline,"[<Role id=806137569116291102 name='@everyone'>, <Role id=820047150930198538 name='Club Jeunes de Vaux-le-P√©nil'>, <Role id=819885398540943390 name='Jeunes'>]",offline,False,Jeunes,,offline
126,(),,,https://cdn.discordapp.com/embed/avatars/2.png,False,#a84300,#a84300,2021-03-13 20:14:57.748000,green,https://cdn.discordapp.com/embed/avatars/2.png,offline,3472,Elina,Clubs Jeunes SPA,<Permissions value=6546775616>,820389495169876028,2021-03-13 20:15:25.661000,<@820389495169876028>,offline,Elina,,False,,<PublicUserFlags value=0>,offline,"[<Role id=806137569116291102 name='@everyone'>, <Role id=822524206746304542 name='Non pr√©sent√©s'>]",offline,False,Non pr√©sent√©s,,offline
127,(),,,https://cdn.discordapp.com/embed/avatars/1.png,False,#c6b211,#c6b211,2021-03-24 11:03:52.298000,grey,https://cdn.discordapp.com/embed/avatars/1.png,offline,7836,Chlo√© - Luynes (37),Clubs Jeunes SPA,<Permissions value=6546775616>,824237075141230593,2021-03-24 11:04:35.876000,<@!824237075141230593>,offline,Chlo√© CJ Luynes,Chlo√© - Luynes (37),False,,<PublicUserFlags value=0>,offline,"[<Role id=806137569116291102 name='@everyone'>, <Role id=820046147368386610 name='Club Jeunes de Luynes'>, <Role id=819885398540943390 name='Jeunes'>]",offline,False,Jeunes,,offline
128,(),,5253cdee182ccccb13aab66e8ff4f847,https://cdn.discordapp.com/avatars/779255638911221790/5253cdee182ccccb13aab66e8ff4f847.webp?size=1024,False,#31c3d9,#31c3d9,2020-11-20 08:03:42.186000,grey,https://cdn.discordapp.com/embed/avatars/1.png,offline,3516,Cl√©mentine - SPDM (40),Clubs Jeunes SPA,<Permissions value=6546775616>,779255638911221790,2021-03-05 17:58:19.184000,<@!779255638911221790>,offline,Cl√©mentine CJ SaintPierreDuMont,Cl√©mentine - SPDM (40),False,,<PublicUserFlags value=0>,offline,"[<Role id=806137569116291102 name='@everyone'>, <Role id=820046575609839637 name='Club Jeunes de Saint Pierre du Mont'>, <Role id=806177522408488970 name='Encadrants'>]",offline,False,Encadrants,,offline
129,(),,c37e45845b813edc5b6e9e39eede863a,https://cdn.discordapp.com/avatars/809826133755428886/c37e45845b813edc5b6e9e39eede863a.webp?size=1024,False,#31c3d9,#31c3d9,2021-02-12 16:39:56.129000,grey,https://cdn.discordapp.com/embed/avatars/1.png,offline,1491,√âlodie - Ch√¢teaubourg (35),Clubs Jeunes SPA,<Permissions value=6546775616>,809826133755428886,2021-03-29 17:58:50.249000,<@!809826133755428886>,offline,Ragnarock,√âlodie - Ch√¢teaubourg (35),False,,<PublicUserFlags value=0>,offline,"[<Role id=806137569116291102 name='@everyone'>, <Role id=820045816579489802 name='Club Jeunes de Ch√¢teaubourg'>, <Role id=806177522408488970 name='Encadrants'>]",offline,False,Encadrants,,offline
130,(),,,https://cdn.discordapp.com/embed/avatars/1.png,False,#9b59b6,#9b59b6,2021-03-06 08:00:48.605000,grey,https://cdn.discordapp.com/embed/avatars/1.png,offline,4921,Audrey - Le Garric (81),Clubs Jeunes SPA,<Permissions value=6546775616>,817668024613339177,2021-03-06 08:03:26.453000,<@!817668024613339177>,offline,Audrey (endadrante 81),Audrey - Le Garric (81),False,,<PublicUserFlags value=0>,offline,"[<Role id=806137569116291102 name='@everyone'>, <Role id=820046618182156328 name='Club Jeunes de Puech de Barret - Le Garric'>, <Role id=806177522408488970 name='Encadrants'>, <Role id=806175699416776744 name='R√©f√©rents'>]",offline,False,R√©f√©rents,,offline
131,(),,9b3c92412ab370df209e0c877adfefec,https://cdn.discordapp.com/avatars/526740097698365440/9b3c92412ab370df209e0c877adfefec.webp?size=1024,False,#c6b211,#c6b211,2018-12-24 12:37:05.649000,red,https://cdn.discordapp.com/embed/avatars/4.png,offline,1054,Thomas - Vaux-le-P√©nil (77),Clubs Jeunes SPA,<Permissions value=6546775616>,526740097698365440,2021-02-25 20:12:16.599000,<@!526740097698365440>,offline,Lgjump,Thomas - Vaux-le-P√©nil (77),False,,<PublicUserFlags value=0>,offline,"[<Role id=806137569116291102 name='@everyone'>, <Role id=820047150930198538 name='Club Jeunes de Vaux-le-P√©nil'>, <Role id=819885398540943390 name='Jeunes'>]",offline,False,Jeunes,,offline
132,(),,,https://cdn.discordapp.com/embed/avatars/3.png,False,#c6b211,#c6b211,2021-02-20 15:24:23.028000,orange,https://cdn.discordapp.com/embed/avatars/3.png,offline,7048,Charlotte - Yvr√© l'√âv√™que (72),Clubs Jeunes SPA,<Permissions value=6546775616>,812706223476178956,2021-02-20 15:25:47.311000,<@!812706223476178956>,offline,chachou,Charlotte - Yvr√© l'√âv√™que (72),False,,<PublicUserFlags value=0>,offline,"[<Role id=806137569116291102 name='@everyone'>, <Role id=820046088575909898 name=""Club Jeunes d'Yvr√©-l'Ev√™que"">, <Role id=819885398540943390 name='Jeunes'>]",offline,False,Jeunes,,offline
133,"(<Game name='=help: quizbot.xyz'>,)",=help: quizbot.xyz,2887a7f4c0da56352aff000c80e80062,https://cdn.discordapp.com/avatars/558996910581612545/2887a7f4c0da56352aff000c80e80062.webp?size=1024,True,#e67e22,#e67e22,2019-03-23 12:54:09.143000,red,https://cdn.discordapp.com/embed/avatars/4.png,offline,0134,üê∂Togo,Clubs Jeunes SPA,<Permissions value=8589934591>,558996910581612545,2021-03-17 13:52:18.431000,<@!558996910581612545>,offline,QuizBot,üê∂Togo,False,,<PublicUserFlags value=65536>,online,"[<Role id=806137569116291102 name='@everyone'>, <Role id=821742748054716447 name='QuizBot'>, <Role id=822049053054730240 name='Bots'>, <Role id=819885985839448075 name='Mod√©rateurs'>]",online,False,Mod√©rateurs,,online
134,(),,,https://cdn.discordapp.com/embed/avatars/1.png,False,#a84300,#a84300,2020-03-20 11:08:29.894000,grey,https://cdn.discordapp.com/embed/avatars/1.png,offline,7916,ma√´lia-j,Clubs Jeunes SPA,<Permissions value=6546775616>,690517117056843836,2021-03-10 20:18:13.273000,<@690517117056843836>,offline,ma√´lia-j,,False,,<PublicUserFlags value=0>,offline,"[<Role id=806137569116291102 name='@everyone'>, <Role id=822524206746304542 name='Non pr√©sent√©s'>]",offline,False,Non pr√©sent√©s,,offline
135,(),,,https://cdn.discordapp.com/embed/avatars/2.png,False,#9b59b6,#9b59b6,2021-03-05 21:01:09.794000,green,https://cdn.discordapp.com/embed/avatars/2.png,offline,0867,Virginie - Arry (57),Clubs Jeunes SPA,<Permissions value=6546775616>,817502019048439889,2021-03-05 21:04:30.468000,<@!817502019048439889>,offline,Virginie,Virginie - Arry (57),False,,<PublicUserFlags value=0>,offline,"[<Role id=806137569116291102 name='@everyone'>, <Role id=820047519089295381 name=""Club Jeunes d'Arry"">, <Role id=806177522408488970 name='Encadrants'>, <Role id=806175699416776744 name='R√©f√©rents'>]",offline,False,R√©f√©rents,,offline
136,(),,6ab935bd837b64502edfb010394ca0de,https://cdn.discordapp.com/avatars/294200564357791745/6ab935bd837b64502edfb010394ca0de.webp?size=1024,False,#e91e63,#e91e63,2017-03-22 20:08:00.525000,blurple,https://cdn.discordapp.com/embed/avatars/0.png,online,6625,C√©dric - Rennes (35),Clubs Jeunes SPA,<Permissions value=8589934591>,294200564357791745,2021-03-05 17:57:56.532000,<@!294200564357791745>,offline,C√©dric,C√©dric - Rennes (35),False,,<PublicUserFlags value=0>,online,"[<Role id=806137569116291102 name='@everyone'>, <Role id=820045864483029013 name='Club Jeunes de Rennes'>, <Role id=806177522408488970 name='Encadrants'>, <Role id=806175699416776744 name='R√©f√©rents'>, <Role id=819885985839448075 name='Mod√©rateurs'>, <Role id=806175137698545675 name='Administrateurs'>]",online,False,Administrateurs,,offline
137,(),,,https://cdn.discordapp.com/embed/avatars/0.png,False,#a84300,#a84300,2021-02-24 11:28:51.634000,blurple,https://cdn.discordapp.com/embed/avatars/0.png,offline,2575,Hanna.cnlr,Clubs Jeunes SPA,<Permissions value=6546775616>,814096503575412747,2021-02-24 17:20:27.118000,<@814096503575412747>,offline,Hanna.cnlr,,False,,<PublicUserFlags value=0>,offline,"[<Role id=806137569116291102 name='@everyone'>, <Role id=822524206746304542 name='Non pr√©sent√©s'>]",offline,False,Non pr√©sent√©s,,offline
138,(),,,https://cdn.discordapp.com/embed/avatars/2.png,False,#c6b211,#c6b211,2021-02-26 10:43:35.469000,green,https://cdn.discordapp.com/embed/avatars/2.png,offline,4322,Lana - Chamarande (91),Clubs Jeunes SPA,<Permissions value=6546775616>,814809886885937162,2021-02-26 10:45:11.572000,<@!814809886885937162>,offline,Lana du CJ de Chamarande,Lana - Chamarande (91),False,,<PublicUserFlags value=0>,offline,"[<Role id=806137569116291102 name='@everyone'>, <Role id=820047099227930654 name='Club Jeunes de Chamarande'>, <Role id=819885398540943390 name='Jeunes'>]",offline,False,Jeunes,,offline
139,(),,,https://cdn.discordapp.com/embed/avatars/1.png,False,#c6b211,#c6b211,2021-02-19 21:06:00.908000,grey,https://cdn.discordapp.com/embed/avatars/1.png,offline,7571,Sarah - Chameyrat (19),Clubs Jeunes SPA,<Permissions value=6546775616>,812429809950785597,2021-02-21 19:37:00.925000,<@!812429809950785597>,offline,Sarah CJ de Chameyrat,Sarah - Chameyrat (19),False,,<PublicUserFlags value=0>,offline,"[<Role id=806137569116291102 name='@everyone'>, <Role id=820046691360309290 name='Club Jeunes de Chameyrat'>, <Role id=819885398540943390 name='Jeunes'>]",offline,False,Jeunes,,offline
140,(),,,https://cdn.discordapp.com/embed/avatars/3.png,False,#c6b211,#c6b211,2021-03-17 15:28:04.147000,orange,https://cdn.discordapp.com/embed/avatars/3.png,offline,3188,L√©andra - Luynes (37),Clubs Jeunes SPA,<Permissions value=6546775616>,821766847556091944,2021-03-17 15:34:52.331000,<@!821766847556091944>,offline,L√©andra cj de luynes,L√©andra - Luynes (37),False,,<PublicUserFlags value=0>,offline,"[<Role id=806137569116291102 name='@everyone'>, <Role id=820046147368386610 name='Club Jeunes de Luynes'>, <Role id=819885398540943390 name='Jeunes'>]",offline,False,Jeunes,,offline
141,(),,b606da54ba3289eef99b838e402f3ea2,https://cdn.discordapp.com/avatars/814554700983566356/b606da54ba3289eef99b838e402f3ea2.webp?size=1024,False,#c6b211,#c6b211,2021-02-25 17:49:34.409000,blurple,https://cdn.discordapp.com/embed/avatars/0.png,offline,3355,Elsa - Lons-le-Saunier (39),Clubs Jeunes SPA,<Permissions value=6546775616>,814554700983566356,2021-02-25 17:52:55.343000,<@!814554700983566356>,offline,Elsa CJ Lons Le Saunier,Elsa - Lons-le-Saunier (39),False,,<PublicUserFlags value=0>,offline,"[<Role id=806137569116291102 name='@everyone'>, <Role id=820046942306304011 name='Club Jeunes de Lons-le-Saunier'>, <Role id=819885398540943390 name='Jeunes'>]",offline,False,Jeunes,,offline
142,(),,,https://cdn.discordapp.com/embed/avatars/3.png,False,#c6b211,#c6b211,2021-03-05 18:00:07.050000,orange,https://cdn.discordapp.com/embed/avatars/3.png,offline,1753,St√©phane - Thionville (57),Clubs Jeunes SPA,<Permissions value=6546775616>,817456457397043241,2021-03-05 18:01:10.790000,<@!817456457397043241>,offline,Stephane (Thionville),St√©phane - Thionville (57),False,,<PublicUserFlags value=0>,offline,"[<Role id=806137569116291102 name='@everyone'>, <Role id=820047490451243070 name='Club Jeunes de Thionville'>, <Role id=819885398540943390 name='Jeunes'>]",offline,False,Jeunes,,offline
143,(),,,https://cdn.discordapp.com/embed/avatars/0.png,False,#a84300,#a84300,2020-11-12 14:02:42.212000,blurple,https://cdn.discordapp.com/embed/avatars/0.png,offline,6400,Lucie mages,Clubs Jeunes SPA,<Permissions value=6546775616>,776446881403240458,2021-03-16 07:51:33.354000,<@776446881403240458>,offline,Lucie mages,,False,,<PublicUserFlags value=0>,offline,"[<Role id=806137569116291102 name='@everyone'>, <Role id=822524206746304542 name='Non pr√©sent√©s'>]",offline,False,Non pr√©sent√©s,,offline
144,"(<Activity type=<ActivityType.unknown: -1> name='Arrive sur le Discord' url=None details=None application_id=None session_id=None emoji=None>,)",<Activity type=<ActivityType.unknown: -1> name='Arrive sur le Discord' url=None details=None application_id=None session_id=None emoji=None>,71d0d4dc560edb60e84d931f82e8d570,https://cdn.discordapp.com/avatars/818564026237452350/71d0d4dc560edb60e84d931f82e8d570.webp?size=1024,True,#e67e22,#e67e22,2021-03-08 19:21:12.039000,red,https://cdn.discordapp.com/embed/avatars/4.png,offline,1949,üê∂ Ohana,Clubs Jeunes SPA,<Permissions value=8589934591>,818564026237452350,2021-04-08 10:11:35.014000,<@!818564026237452350>,offline,Ohana,üê∂ Ohana,False,,<PublicUserFlags value=0>,online,"[<Role id=806137569116291102 name='@everyone'>, <Role id=829659734285484053 name='laSPAdata'>, <Role id=822049053054730240 name='Bots'>, <Role id=819885985839448075 name='Mod√©rateurs'>]",online,False,Mod√©rateurs,,online
145,(),,,https://cdn.discordapp.com/embed/avatars/1.png,False,#c6b211,#c6b211,2021-02-22 15:00:03.974000,grey,https://cdn.discordapp.com/embed/avatars/1.png,offline,3661,Lily - Rennes (35),Clubs Jeunes SPA,<Permissions value=6546775616>,813424879491219456,2021-02-22 15:00:17.552000,<@!813424879491219456>,offline,Lily CJ de Rennes,Lily - Rennes (35),False,,<PublicUserFlags value=0>,offline,"[<Role id=806137569116291102 name='@everyone'>, <Role id=820045864483029013 name='Club Jeunes de Rennes'>, <Role id=819885398540943390 name='Jeunes'>]",offline,False,Jeunes,,offline
146,(),,,https://cdn.discordapp.com/embed/avatars/1.png,False,#a84300,#a84300,2021-03-06 11:14:57.102000,grey,https://cdn.discordapp.com/embed/avatars/1.png,offline,5636,Na√Øs,Clubs Jeunes SPA,<Permissions value=6546775616>,817716881950900234,2021-03-06 11:18:24.850000,<@817716881950900234>,offline,Na√Øs,,False,,<PublicUserFlags value=0>,offline,"[<Role id=806137569116291102 name='@everyone'>, <Role id=822524206746304542 name='Non pr√©sent√©s'>]",offline,False,Non pr√©sent√©s,,offline
147,(),,,https://cdn.discordapp.com/embed/avatars/3.png,False,#31c3d9,#31c3d9,2021-03-08 19:08:50.457000,orange,https://cdn.discordapp.com/embed/avatars/3.png,offline,5118,Caroline - Thionville (57),Clubs Jeunes SPA,<Permissions value=6546775616>,818560915817103370,2021-03-08 19:10:11.375000,<@!818560915817103370>,offline,caroline enc.CJ Thionville,Caroline - Thionville (57),False,,<PublicUserFlags value=0>,offline,"[<Role id=806137569116291102 name='@everyone'>, <Role id=820047490451243070 name='Club Jeunes de Thionville'>, <Role id=806177522408488970 name='Encadrants'>]",offline,False,Encadrants,,offline
148,(),,,https://cdn.discordapp.com/embed/avatars/0.png,False,#c6b211,#c6b211,2021-03-17 17:38:47.508000,blurple,https://cdn.discordapp.com/embed/avatars/0.png,offline,3245,Owen - Luynes (37),Clubs Jeunes SPA,<Permissions value=6546775616>,821799744996769822,2021-03-18 16:53:55.623000,<@!821799744996769822>,offline,Owen du CJ de luyne,Owen - Luynes (37),False,,<PublicUserFlags value=0>,offline,"[<Role id=806137569116291102 name='@everyone'>, <Role id=820046147368386610 name='Club Jeunes de Luynes'>, <Role id=819885398540943390 name='Jeunes'>]",offline,False,Jeunes,,offline
149,"(<Activity type=<ActivityType.playing: 0> name='Fortnite' url=None details='Battle Royale - 2 restants' application_id=432980957394370572 session_id=None emoji=None>,)",<Activity type=<ActivityType.playing: 0> name='Fortnite' url=None details='Battle Royale - 2 restants' application_id=432980957394370572 session_id=None emoji=None>,,https://cdn.discordapp.com/embed/avatars/1.png,False,#c6b211,#c6b211,2020-04-11 13:43:21.143000,grey,https://cdn.discordapp.com/embed/avatars/1.png,dnd,8476,Valentin - Vaux-le-P√©nil (77),Clubs Jeunes SPA,<Permissions value=6546775616>,698528620423151706,2021-03-03 16:39:35.841000,<@!698528620423151706>,offline,Valentin CJ vaux-le-p√©nil,Valentin - Vaux-le-P√©nil (77),False,,<PublicUserFlags value=0>,dnd,"[<Role id=806137569116291102 name='@everyone'>, <Role id=820047150930198538 name='Club Jeunes de Vaux-le-P√©nil'>, <Role id=819885398540943390 name='Jeunes'>]",dnd,False,Jeunes,,offline
150,(),,61e5edddf72d399f97022dd113b99a30,https://cdn.discordapp.com/avatars/739521549132103712/61e5edddf72d399f97022dd113b99a30.webp?size=1024,False,#9b59b6,#9b59b6,2020-08-02 16:34:36.959000,blurple,https://cdn.discordapp.com/embed/avatars/0.png,offline,7405,Stephane - Thionville (57),Clubs Jeunes SPA,<Permissions value=6546775616>,739521549132103712,2021-03-05 19:14:02.908000,<@!739521549132103712>,offline,sgodefroy,Stephane - Thionville (57),False,,<PublicUserFlags value=0>,offline,"[<Role id=806137569116291102 name='@everyone'>, <Role id=820047490451243070 name='Club Jeunes de Thionville'>, <Role id=806177522408488970 name='Encadrants'>, <Role id=806175699416776744 name='R√©f√©rents'>]",offline,False,R√©f√©rents,,offline
151,(),,24bb0f3028ae685881d392acb7d02817,https://cdn.discordapp.com/avatars/817455331637461033/24bb0f3028ae685881d392acb7d02817.webp?size=1024,False,#9b59b6,#9b59b6,2021-03-05 17:55:38.648000,grey,https://cdn.discordapp.com/embed/avatars/1.png,offline,6316,Romane - Ch√¢teaubourg (35),Clubs Jeunes SPA,<Permissions value=6546775616>,817455331637461033,2021-03-05 18:46:17.083000,<@!817455331637461033>,offline,Romane Chateaubourg,Romane - Ch√¢teaubourg (35),False,,<PublicUserFlags value=0>,offline,"[<Role id=806137569116291102 name='@everyone'>, <Role id=820045816579489802 name='Club Jeunes de Ch√¢teaubourg'>, <Role id=806177522408488970 name='Encadrants'>, <Role id=806175699416776744 name='R√©f√©rents'>]",offline,False,R√©f√©rents,,offline
152,(),,4a43a38d70f3d741c51fea99b5a2fefa,https://cdn.discordapp.com/avatars/797583554988474418/4a43a38d70f3d741c51fea99b5a2fefa.webp?size=1024,False,#c6b211,#c6b211,2021-01-09 21:52:17.895000,red,https://cdn.discordapp.com/embed/avatars/4.png,offline,7769,Zo√©- Forbach (57),Clubs Jeunes SPA,<Permissions value=6546775616>,797583554988474418,2021-04-11 16:47:08.747000,<@797583554988474418>,offline,Zo√©- Forbach (57),,False,,<PublicUserFlags value=0>,offline,"[<Role id=806137569116291102 name='@everyone'>, <Role id=820047545786171423 name='Club Jeunes de Forbach'>, <Role id=819885398540943390 name='Jeunes'>]",offline,False,Jeunes,,offline
